id,time,replicate_1,replicate_2,replicate_3
droso_4840,0.0,1.625895,1.7182888,2.9179075
droso_4840,0.1,1.4691377,1.4552698,2.9299884
droso_4840,0.2,1.5795574,1.4726747,2.6950521
droso_4840,0.30000000000000004,1.3987657,2.4874809,2.4702306
droso_4840,0.4,1.3298143,1.7854748,2.2829258
droso_4840,0.5,1.6950467,1.4683402,3.283757
droso_4840,0.6000000000000001,1.4023635,1.6265044,2.9329321
droso_4840,0.7000000000000001,1.4309561,1.5378411,2.500872
droso_4840,0.8,1.3772476,1.5731136,2.344575
droso_4840,0.9,1.3005124,1.7422404,2.4175544
droso_4840,1.0,1.4068127,1.8629411,2.2849889
droso_4840,1.1,1.184862,1.8079927,2.4437497
droso_4840,1.2000000000000002,1.7694693,1.6295438,2.3993282
droso_4840,1.3,1.812452,1.5460942,2.2950363
droso_4840,1.4000000000000001,1.6185108,1.351164,2.1822376
droso_4840,1.5,1.3239443,2.2414086,2.4059305
droso_4840,1.6,1.5051277,2.3126347,3.1906843
droso_4840,1.7000000000000002,1.6812605,2.3751647,2.597154
droso_4840,1.8,1.6427785,2.180633,2.7923472
droso_4840,1.9000000000000001,1.4978919,2.8434942,2.0910373
droso_4840,2.0,1.3760968,2.6330576,2.2717738
droso_4840,2.1,1.6882997,2.5991845,2.9600205
droso_4840,2.2,1.8403556,2.0815856,3.095363
droso_4840,2.3000000000000003,1.6217855,2.257831,3.243835
droso_4840,2.4000000000000004,1.3184754,2.3441932,3.6424127
droso_4840,2.5,1.6703361,1.9688287,2.8509474
droso_4840,2.6,1.5448476,2.5379276,2.8965163
droso_4840,2.7,1.7505702,2.2634826,3.721213
droso_4840,2.8000000000000003,2.1819746,2.0303133,3.3362541
droso_4840,2.9000000000000004,1.7530121,2.3936849,3.2847319
droso_4840,3.0,1.440541,2.2817001,2.9946563
droso_4840,3.1,1.698264,2.707711,3.19325
droso_4840,3.2,1.6312613,2.5129607,3.0491602
droso_4840,3.3000000000000003,2.1284368,2.6170385,3.225923
droso_4840,3.4000000000000004,1.1699423,2.4524615,3.1537054
droso_4840,3.5,1.1562283,2.6133387,3.7460034
droso_4840,3.6,1.5731993,2.4081244,3.7239213
droso_4840,3.7,1.696501,2.1092608,3.9216535
droso_4840,3.8000000000000003,1.4520652,2.0311475,4.128486
droso_4840,3.9000000000000004,1.4095013,2.1224542,3.6376183
droso_4840,4.0,1.4814807,1.9758465,3.5565555
droso_4840,4.1000000000000005,1.4869965,2.311438,3.734124
droso_4840,4.2,1.318188,2.1836898,3.8469129
droso_4840,4.3,1.5856608,2.7467291,3.3133857
droso_4840,4.4,1.6545434,2.477606,3.2978852
droso_4840,4.5,2.0962977,2.6660824,3.3793206
droso_4840,4.6000000000000005,2.146504,2.9467645,3.5214748
droso_4840,4.7,1.7236125,2.6768525,3.3651645
droso_4840,4.800000000000001,1.9969568,2.1609035,3.5033274
droso_4840,4.9,1.8972892,2.2394254,3.429391
droso_4840,5.0,2.2199929,2.918479,3.220797
droso_4840,5.1000000000000005,2.2495658,2.8707118,3.427226
droso_4840,5.2,1.9082059,2.8129485,3.261411
droso_4840,5.300000000000001,2.3858669,2.3802235,3.1263452
droso_4840,5.4,1.9367356,2.455664,2.849952
droso_4840,5.5,1.8142112,2.4405456,2.7615259
droso_4840,5.6000000000000005,2.0187979,2.6913311,2.505284
droso_4840,5.7,1.8338488,2.8886967,2.8927476
droso_4840,5.800000000000001,2.2665617,2.5314188,3.0905201
droso_4840,5.9,2.066051,2.4423757,2.8870811
droso_4840,6.0,1.8261069,2.6103187,3.0583112
droso_4840,6.1000000000000005,1.5632575,3.1177082,2.5978346
droso_4840,6.2,1.8711109,2.7462807,2.7014792
droso_4840,6.300000000000001,1.9188436,2.7822027,3.0617352
droso_4840,6.4,2.1811903,2.8249757,3.0403423
droso_4840,6.5,1.9057274,2.7485974,2.902318
droso_4840,6.6000000000000005,1.8363065,3.3323746,2.5931191
droso_4840,6.7,2.2908397,3.1595185,2.3678207
droso_4840,6.800000000000001,2.230392,2.4498537,2.6335936
droso_4840,6.9,1.8052623,2.1358461,2.716148
droso_4840,7.0,2.3118687,2.3642917,2.6594582
droso_4840,7.1000000000000005,2.0573092,3.0240035,3.1371474
droso_4840,7.2,1.9959426,2.6037269,3.7913435
droso_4840,7.300000000000001,2.575287,2.9870098,3.428023
droso_4840,7.4,2.553735,2.4922097,2.7168033
droso_4840,7.5,2.519079,2.9722383,3.585714
droso_4840,7.6000000000000005,2.3486502,2.7733269,3.5008216
droso_4840,7.7,2.2085402,2.5090923,3.221518
droso_4840,7.800000000000001,2.5200193,2.6678712,3.0933945
droso_4840,7.9,2.909837,2.776107,2.6677542
droso_4840,8.0,2.9445746,2.6569142,2.8278506
droso_4840,8.1,2.5947576,2.863097,2.9496586
droso_4840,8.200000000000001,2.6071758,2.5018613,2.9208558
droso_4840,8.3,2.4160352,2.478416,3.1688035
droso_4840,8.4,2.761808,2.79038,2.9833186
droso_4840,8.5,2.977886,2.638041,3.199311
droso_4840,8.6,2.8520777,2.2226062,2.912714
droso_4840,8.700000000000001,3.0776286,2.1443214,2.5837069
droso_4840,8.8,2.8552766,2.6364653,2.6899207
droso_4840,8.9,2.8786411,2.372452,2.7653263
droso_4840,9.0,3.0280879,2.2942245,3.274802
droso_4840,9.1,2.796623,2.3071795,2.922083
droso_4840,9.200000000000001,2.7040727,2.1874073,2.532546
droso_4840,9.3,2.9154463,2.546128,2.9471326
droso_4840,9.4,2.8962958,2.3789992,2.641143
droso_4840,9.5,2.7260044,2.334852,2.7502067
droso_4840,9.600000000000001,2.8234007,2.8494587,2.9308665
droso_4840,9.700000000000001,3.0159914,2.5908375,3.034686
droso_4840,9.8,2.5104997,2.857732,3.0362518
droso_4840,9.9,2.3612788,2.9561477,3.00817
droso_4840,10.0,2.8277268,2.8309724,3.0284657
droso_4840,10.100000000000001,2.3248763,2.86088,2.9983523
droso_4840,10.200000000000001,3.048858,3.0587244,3.1046042
droso_4840,10.3,2.0800772,2.6718252,3.1366777
droso_4840,10.4,2.2461977,2.6152933,2.7303424
droso_4840,10.5,2.3018734,3.2887309,2.6876283
droso_4840,10.600000000000001,2.2936232,3.4467635,2.7796082
droso_4840,10.700000000000001,2.942687,4.0479383,3.2209642
droso_4840,10.8,2.8181314,3.8213258,3.007449
droso_4840,10.9,2.2071567,3.447073,2.553199
droso_4840,11.0,2.7809277,3.4478724,3.157195
droso_4840,11.100000000000001,2.9733763,3.3374777,2.7863646
droso_4840,11.200000000000001,2.9866168,2.8716254,2.947043
droso_4840,11.3,2.9406729,3.332321,2.5765579
droso_4840,11.4,2.8817265,3.5793054,3.0061421
droso_4840,11.5,2.975157,4.2103596,2.3455563
droso_4840,11.600000000000001,3.2058585,4.171066,2.9531386
droso_4840,11.700000000000001,2.7086835,3.6479897,2.750774
droso_4840,11.8,2.8317404,4.4480014,2.5405822
droso_4840,11.9,2.4473376,4.604469,3.0168889
droso_4840,12.0,2.4172165,4.2787614,2.5761616
droso_4840,12.100000000000001,2.6518338,4.2351274,2.7806766
droso_4840,12.200000000000001,2.8199224,3.9790304,2.3137455
droso_4840,12.3,3.0835176,3.4370904,2.407025
droso_4840,12.4,2.9935138,3.3101842,2.3287847
droso_4840,12.5,3.481228,3.0053337,2.7524443
droso_4840,12.600000000000001,3.23916,2.8740628,2.6043966
droso_4840,12.700000000000001,3.5870426,3.1409082,2.683197
droso_4840,12.8,3.6134894,2.9500184,2.6280015
droso_4840,12.9,3.2654312,3.181134,2.578596
droso_4840,13.0,3.583476,3.2491527,2.52349
droso_4840,13.100000000000001,4.0614533,2.902363,2.4159105
droso_4840,13.200000000000001,3.6675234,3.1090593,2.2991083
droso_4840,13.3,3.3941371,2.3614562,2.511096
droso_4840,13.4,3.7523284,2.1535141,2.5814116
droso_4840,13.5,4.198973,2.4903712,2.416344
droso_4840,13.600000000000001,4.319234,2.2136657,2.7233078
droso_4840,13.700000000000001,4.632909,2.3735807,2.5040789
droso_4840,13.8,4.3210945,2.649938,2.4918184
droso_4840,13.9,4.2069697,2.328194,2.5271018
droso_4840,14.0,3.4832058,2.748788,3.0248
droso_4840,14.100000000000001,3.6422477,2.4509811,2.9020488
droso_4840,14.200000000000001,3.2223172,2.4847755,2.6172817
droso_4840,14.3,3.643528,2.5192847,2.6811812
droso_4840,14.4,3.2938747,2.6391785,2.8288743
droso_4840,14.5,3.247676,2.4044,2.6066387
droso_4840,14.600000000000001,3.226412,2.2931888,2.433259
droso_4840,14.700000000000001,3.426086,2.556143,2.7491992
droso_4840,14.8,3.5631006,2.834447,2.8164964
droso_4840,14.9,3.6454346,2.8390243,2.9179518
droso_4840,15.0,3.1846771,3.0065567,2.689048
droso_4840,15.100000000000001,3.419818,2.2461557,2.7116327
droso_4840,15.200000000000001,3.5710628,2.4969032,2.4934921
droso_4840,15.3,3.0713944,3.1474185,2.8244185
droso_4840,15.4,3.1012154,2.8023314,2.7207615
droso_4840,15.5,3.1715994,2.786246,2.3743682
droso_4840,15.600000000000001,3.1415098,2.0887165,2.7751544
droso_4840,15.700000000000001,3.418347,2.7477734,2.7975624
droso_4840,15.8,3.4729679,2.9519606,2.6707244
droso_4840,15.9,3.5489154,2.646758,2.8094919
droso_4840,16.0,3.2384942,2.8595824,2.8586369
droso_4840,16.1,3.1259587,3.033756,3.2820992
droso_4840,16.2,2.8838181,2.9470022,2.8979952
droso_4840,16.3,3.0286174,2.811034,3.066972
droso_4840,16.400000000000002,2.966801,3.3385231,3.0687795
droso_4840,16.5,2.864043,3.0431662,3.0838864
droso_4840,16.6,3.0900798,2.1111395,3.0600753
droso_4840,16.7,2.5933719,3.0481787,3.07882
droso_4840,16.8,2.2338328,2.9431133,2.9254866
droso_4840,16.900000000000002,3.077529,3.0703123,3.1662416
droso_4840,17.0,2.486586,3.0184968,2.964667
droso_4840,17.1,2.9600606,3.4647686,3.0715477
droso_4840,17.2,2.807549,3.4383507,3.3208776
droso_4840,17.3,2.8977282,3.6967075,3.1675866
droso_4840,17.400000000000002,2.6652167,2.818835,3.7132738
droso_4840,17.5,2.4000607,2.9726334,2.9775126
droso_4840,17.6,3.1024282,2.2160926,2.7437425
droso_4840,17.7,3.0203757,2.00892,2.5103626
droso_4840,17.8,3.0935466,2.31765,2.5671234
droso_4840,17.900000000000002,2.7712977,2.1455882,2.193226
droso_4840,18.0,2.7449014,2.571124,2.4465415
droso_4840,18.1,3.5011063,2.150178,2.433767
droso_4840,18.2,3.3576741,1.9005697,2.6397297
droso_4840,18.3,3.1244116,2.0161655,2.462028
droso_4840,18.400000000000002,2.6396956,2.0867584,2.42405
droso_4840,18.5,2.3533716,2.4614544,2.5727935
droso_4840,18.6,2.0294042,2.742855,2.3002262
droso_4840,18.7,2.5997362,2.7574406,2.3234227
droso_4840,18.8,2.485929,2.266626,2.283185
droso_4840,18.900000000000002,2.3557918,2.429237,2.611376
droso_4840,19.0,2.1919558,2.0023112,2.6934814
droso_4840,19.1,2.654784,2.3406792,2.282616
droso_4840,19.200000000000003,2.610114,2.2667487,2.786503
droso_4840,19.3,2.5390716,2.9378338,2.5658689
droso_4840,19.400000000000002,3.0935004,2.636508,2.6337736
droso_4840,19.5,3.1420646,2.4197814,2.4686084
droso_4840,19.6,2.9942055,2.5535417,2.3943176
droso_4840,19.700000000000003,2.5896032,2.2657695,2.4745646
droso_4840,19.8,2.986398,2.4341896,2.7254124
droso_4840,19.900000000000002,2.8778496,2.2722816,2.3837113
droso_4840,20.0,2.620389,2.4493036,2.523516
droso_4840,20.1,2.9440005,2.115752,2.5614123
droso_4840,20.200000000000003,3.0307655,2.2428734,2.6726873
droso_4840,20.3,2.7591631,2.100335,2.397411
droso_4840,20.400000000000002,3.0714202,1.8829457,2.724185
droso_4840,20.5,2.6107209,2.0261817,2.617205
droso_4840,20.6,3.089354,2.1889148,2.6439276
droso_4840,20.700000000000003,2.8170335,2.4434934,2.544189
droso_4840,20.8,2.8855588,2.220412,2.3937047
droso_4840,20.900000000000002,2.6839015,2.580893,2.4548726
droso_4840,21.0,2.5913508,2.3921678,2.5563173
droso_4840,21.1,2.4839783,2.8997922,2.5963635
droso_4840,21.200000000000003,2.55195,2.4907458,2.4581976
droso_4840,21.3,2.5618358,2.2399971,2.319862
droso_4840,21.400000000000002,2.343477,2.3284519,2.3867338
droso_4840,21.5,2.5039556,2.444081,2.641677
droso_4840,21.6,2.851289,2.2624435,2.579399
droso_4840,21.700000000000003,3.5162108,2.1446185,3.7137976
droso_4840,21.8,2.983118,1.7322541,3.295969
droso_4840,21.900000000000002,3.2025814,2.4047725,2.9346426
droso_4840,22.0,2.580382,2.1942499,3.2434905
droso_4840,22.1,2.3158474,2.1306205,2.7470174
droso_4840,22.200000000000003,2.5827096,2.1887474,2.158772
droso_4840,22.3,2.766487,2.6039903,2.3785155
droso_4840,22.400000000000002,2.407304,2.55141,2.1131475
droso_4840,22.5,2.136632,2.1879325,2.8731725
droso_4840,22.6,2.9678385,2.0806997,3.1909742
droso_4840,22.700000000000003,2.3476725,2.0693185,3.100491
droso_4840,22.8,2.5220962,2.05264,2.6861632
droso_4840,22.900000000000002,2.1414244,2.657626,2.5668337
droso_4840,23.0,2.2743642,2.6392927,2.8662333
droso_4840,23.1,2.2521195,2.7740414,2.4184103
droso_4840,23.200000000000003,2.3844619,2.673693,2.491101
droso_4840,23.3,2.0945475,2.3960178,2.6316159
droso_4840,23.400000000000002,2.1327963,2.281852,2.9486377
droso_4840,23.5,2.4164593,2.0476296,2.830395
droso_4840,23.6,2.5262659,1.9041729,2.9155626
droso_4840,23.700000000000003,2.3692448,1.9735233,3.5285795
droso_4840,23.8,2.3923068,1.6408623,2.813932
droso_4840,23.900000000000002,2.6189485,1.7631121,2.8497841
droso_4840,24.0,2.4628499,2.0076332,3.0582576
droso_4840,24.1,2.5750523,2.021803,3.00495
droso_4840,24.200000000000003,2.4557295,1.8470379,3.3958402
droso_4840,24.3,1.9675608,2.208228,2.8766348
droso_4840,24.400000000000002,2.0775838,1.8913616,3.2622058
droso_4840,24.5,2.145334,2.0428543,3.403709
droso_4840,24.6,2.2534652,2.1905873,3.2657928
droso_4840,24.700000000000003,2.1177719,2.0174851,3.2065794
droso_4840,24.8,2.4535189,2.4483712,3.0393677
droso_4840,24.900000000000002,2.461051,2.4285178,2.8276148
droso_4840,25.0,2.3953378,2.0808609,2.7498722
droso_4840,25.1,2.354387,2.1997967,3.0357087
droso_4840,25.200000000000003,2.7231846,1.9646785,2.9723792
droso_4840,25.3,2.5124254,1.706919,2.378824
droso_4840,25.400000000000002,2.719328,1.9107867,2.5610797
droso_4840,25.5,2.1508312,1.9784079,2.3470082
droso_4840,25.6,2.5121186,2.1589308,2.3106015
droso_4840,25.700000000000003,2.9907756,2.2720826,2.6208615
droso_4840,25.8,2.5580704,2.2442946,2.8837957
droso_4840,25.900000000000002,2.8860652,2.206915,3.0544436
droso_4840,26.0,2.3171275,2.67685,2.9517093
droso_4840,26.1,2.2329903,2.6606328,3.3704336
droso_4840,26.200000000000003,2.4549038,2.64433,4.123023
droso_4840,26.3,2.629493,2.2556562,4.241567
droso_4840,26.400000000000002,2.3607225,2.056442,4.4608984
droso_4840,26.5,2.7314718,2.0540102,3.853926
droso_4840,26.6,2.1378336,1.878388,4.376286
droso_4840,26.700000000000003,2.2994137,1.9890922,4.437028
droso_4840,26.8,2.285535,2.3399062,4.0066133
droso_4840,26.900000000000002,2.0597181,1.6591532,4.0135274
droso_4840,27.0,2.4594698,1.8656718,4.001046
droso_4840,27.1,2.146061,2.028179,3.1413796
droso_4840,27.200000000000003,2.1250014,2.2620962,3.6682062
droso_4840,27.3,2.2139285,1.956517,3.7197795
droso_4840,27.400000000000002,2.3506017,2.1574206,3.9078782
droso_4840,27.5,2.2268887,2.12227,3.4351985
droso_4840,27.6,2.155366,2.5784326,3.7945848
droso_4840,27.700000000000003,1.5291531,2.3731518,3.9521782
droso_4840,27.8,1.5059968,2.3055317,3.540099
droso_4840,27.900000000000002,1.6346548,2.6574745,4.06994
droso_4840,28.0,1.4928286,2.5518193,4.4648175
droso_4840,28.1,2.220386,2.3244216,4.1825695
droso_4840,28.200000000000003,1.9753236,1.9977841,3.5785475
droso_4840,28.3,1.9767691,2.195003,4.2524276
droso_4840,28.400000000000002,2.5341601,2.4253988,4.056821
droso_4840,28.5,2.3707333,2.1200264,4.278299
droso_4840,28.6,2.3547137,2.0608046,4.2386417
droso_4840,28.700000000000003,2.5481443,2.266971,3.5226438
droso_4840,28.8,2.2157423,2.3967278,3.6206207
droso_4840,28.900000000000002,2.6310067,2.5776343,3.5191946
droso_4840,29.0,2.5158424,2.3047063,3.6339831
droso_4840,29.1,2.4512126,1.8535992,3.445978
droso_4840,29.200000000000003,2.340692,2.2987487,3.2634344
droso_4840,29.3,2.4656916,2.2993467,3.6307082
droso_4840,29.400000000000002,2.4761062,2.2045825,3.6395433
droso_4840,29.5,2.7394607,2.2594075,2.899823
droso_4840,29.6,2.386447,1.9924456,3.0676255
droso_4840,29.700000000000003,2.515097,2.0151248,2.903344
droso_4840,29.8,2.8564756,2.2036183,2.942755
droso_4840,29.900000000000002,2.7441976,2.2482958,2.4952962
droso_4840,30.0,2.362512,2.1403017,2.7794814
droso_4840,30.1,2.5969014,2.2235942,2.726546
droso_4840,30.200000000000003,2.8301365,2.2714436,2.9305904
droso_4840,30.3,2.5418856,2.7627523,2.415465
droso_4840,30.400000000000002,2.3686707,2.4334707,2.5971093
droso_4840,30.5,2.5517669,2.3946347,2.3134687
droso_4840,30.6,3.01009,2.3165667,2.559448
droso_4840,30.700000000000003,2.838402,2.4144356,2.2415054
droso_4840,30.8,2.7650485,2.5732875,2.162776
droso_4840,30.900000000000002,2.1333086,2.2125251,2.6808333
droso_4840,31.0,2.0993202,2.42426,2.6206253
droso_4840,31.1,2.5416934,2.486119,2.5052154
droso_4840,31.200000000000003,2.8188152,2.5330539,2.751907
droso_4840,31.3,3.1973033,2.2965095,2.6850407
droso_4840,31.400000000000002,2.7410443,2.6148937,2.9517894
droso_4840,31.5,3.1311915,2.1030529,3.311112
droso_4840,31.6,2.853887,2.101089,3.2824726
droso_4840,31.700000000000003,2.6155946,2.6797132,3.4686632
droso_4840,31.8,2.6817472,2.536433,3.4403763
droso_4840,31.900000000000002,2.5701115,2.40374,3.1870565
droso_4840,32.0,3.025027,2.8912616,3.0420644
droso_4840,32.1,3.1773696,2.733445,3.189925
droso_4840,32.2,3.366772,2.8448143,3.2530835
droso_4840,32.300000000000004,2.9958289,2.7802956,3.1088507
droso_4840,32.4,3.1317148,2.699196,2.990784
droso_4840,32.5,3.0966866,2.4977322,2.3316202
droso_4840,32.6,3.159643,2.5573423,2.3768482
droso_4840,32.7,2.897619,2.8546493,2.3321369
droso_4840,32.800000000000004,3.1110344,2.703994,2.4095883
droso_4840,32.9,2.8666162,2.60513,2.662687
droso_4840,33.0,3.1434488,2.733428,2.3546696
droso_4840,33.1,2.7752917,2.9418867,2.3391585
droso_4840,33.2,2.866007,3.0626967,2.8481238
droso_4840,33.300000000000004,2.7776904,2.9516482,2.895449
droso_4840,33.4,2.1444387,2.6247165,2.7374246
droso_4840,33.5,2.8528564,2.4666266,2.2983534
droso_4840,33.6,2.193167,2.48042,2.280505
droso_4840,33.7,2.7101297,2.3456748,2.1857843
droso_4840,33.800000000000004,2.6737878,2.134135,2.2429566
droso_4840,33.9,3.0360148,2.6853662,2.9611955
droso_4840,34.0,2.469396,2.4023325,2.9023404
droso_4840,34.1,2.7824554,2.9537864,2.4992032
droso_4840,34.2,2.6563268,2.5420542,2.4980001
droso_4840,34.300000000000004,2.5447264,2.4930933,2.6095355
droso_4840,34.4,2.6539547,2.5147264,2.8091712
droso_4840,34.5,2.9382284,2.6063128,2.7073932
droso_4840,34.6,3.2895994,2.2665608,2.5309505
droso_4840,34.7,2.8130033,2.5203488,2.8392851
droso_4840,34.800000000000004,2.559707,2.4268634,2.767627
droso_4840,34.9,2.9194343,2.4145298,3.1144521
droso_4840,35.0,2.968947,2.274802,3.31808
droso_4840,35.1,2.8459966,2.5902164,2.8974712
droso_4840,35.2,2.7898648,2.520583,2.7139688
droso_4840,35.300000000000004,2.5278678,2.5030189,2.9224913
droso_4840,35.4,2.7501996,2.3949442,2.935883
droso_4840,35.5,2.9959881,2.8247118,2.4478326
droso_4840,35.6,2.9086044,2.3195872,2.8615973
droso_4840,35.7,3.121901,2.4465332,3.0546486
droso_4840,35.800000000000004,2.6226132,2.8147118,2.7679532
droso_4840,35.9,2.8271341,3.4390085,2.8876398
droso_4840,36.0,2.9928617,3.8455334,3.0358562
droso_4840,36.1,2.4007115,3.3663766,2.8717492
droso_4840,36.2,2.5229545,3.0711362,2.717849
droso_4840,36.300000000000004,3.0736265,3.40692,3.3717299
droso_4840,36.4,2.975987,3.6611822,2.7031085
droso_4840,36.5,2.8245513,3.155716,2.711588
droso_4840,36.6,3.2806137,3.3793123,2.7501032
droso_4840,36.7,2.7896671,3.9086816,2.6889312
droso_4840,36.800000000000004,2.883512,3.487229,2.3667972
droso_4840,36.9,3.143409,3.1376984,2.4420104
droso_4840,37.0,3.3670344,2.8156936,2.9207685
droso_4840,37.1,3.047844,2.3241632,2.2996206
droso_4840,37.2,2.9847777,2.8128116,2.4452434
droso_4840,37.300000000000004,2.9929967,2.5364633,2.4451818
droso_4840,37.4,2.7854168,3.0153084,2.7533758
droso_4840,37.5,2.665512,3.0966442,2.6801271
droso_4840,37.6,2.7214303,2.9828427,2.9380932
droso_4840,37.7,2.551708,2.8187308,2.7971976
droso_4840,37.800000000000004,2.5017812,2.6885765,2.7913473
droso_4840,37.9,2.579594,3.2454247,2.670834
droso_4840,38.0,2.215003,2.7164493,2.8381498
droso_4840,38.1,2.431203,3.3389518,2.5704372
droso_4840,38.2,2.4442647,2.8963366,2.5250924
droso_4840,38.300000000000004,2.2564633,3.7118456,2.2320218
droso_4840,38.400000000000006,1.9541502,3.0570471,2.041151
droso_4840,38.5,1.9920957,2.9033196,2.2825415
droso_4840,38.6,2.211143,3.3773909,2.6088123
droso_4840,38.7,1.6942679,3.1880462,2.7431822
droso_4840,38.800000000000004,1.9766163,3.351793,2.5959587
droso_4840,38.900000000000006,2.0099254,3.1301527,2.7573857
droso_4840,39.0,2.048452,2.4927385,2.3976922
droso_4840,39.1,1.8004217,2.753142,2.247567
droso_4840,39.2,1.9211804,2.7180612,2.3760583
droso_4840,39.300000000000004,1.9384984,2.516835,2.719621
droso_4840,39.400000000000006,2.3021703,3.0290346,2.6531448
droso_4840,39.5,2.083969,3.2875578,3.1410098
droso_4840,39.6,1.560076,3.3092408,2.9166102
droso_4840,39.7,1.8161939,3.3568764,2.8489196
droso_4840,39.800000000000004,2.2549162,3.2120662,2.9171166
droso_4840,39.900000000000006,2.3001215,3.243705,2.719591
droso_4840,40.0,2.2370725,3.4388983,2.9141371
droso_4840,40.1,2.367716,3.318965,2.8935246
droso_4840,40.2,1.9556367,3.6227746,2.7958014
droso_4840,40.300000000000004,2.3234038,3.2224674,3.0494692
droso_4840,40.400000000000006,2.8305645,3.6757472,3.116847
droso_4840,40.5,2.690811,4.225332,3.343466
droso_4840,40.6,2.5267339,3.6932073,3.3064668
droso_4840,40.7,2.6095662,2.955443,3.2910519
droso_4840,40.800000000000004,3.0536325,3.2838743,3.7486715
droso_4840,40.900000000000006,2.6611602,2.9448447,3.6037216
droso_4840,41.0,2.7478082,2.7393162,3.725116
droso_4840,41.1,2.3842313,3.0461416,3.3266563
droso_4840,41.2,2.7245598,3.2522013,3.6485233
droso_4840,41.300000000000004,2.4811933,3.7223108,3.2702441
droso_4840,41.400000000000006,2.6309395,2.975445,3.0924027
droso_4840,41.5,2.5316112,3.2794049,3.162672
droso_4840,41.6,2.9247446,3.3720074,3.3017097
droso_4840,41.7,3.4957478,3.2653625,3.5752149
droso_4840,41.800000000000004,3.1731176,3.5671463,3.2784984
droso_4840,41.900000000000006,3.110198,3.4061077,3.2053688
droso_4840,42.0,3.5628731,2.9859984,3.1303046
droso_4840,42.1,3.3801947,2.988771,2.9058452
droso_4840,42.2,3.5961952,3.0560133,2.875898
droso_4840,42.300000000000004,3.6419725,3.095519,2.993656
droso_4840,42.400000000000006,3.5863476,3.330547,3.1380434
droso_4840,42.5,3.6929731,2.459692,3.0201077
droso_4840,42.6,4.0664673,2.6851034,2.8393838
droso_4840,42.7,4.120565,3.1052191,3.0371451
droso_4840,42.800000000000004,3.6057186,3.171475,3.0229423
droso_4840,42.900000000000006,3.916096,2.673964,2.9065
droso_4840,43.0,3.4960902,2.7043917,3.1061099
droso_4840,43.1,3.4697087,2.8910456,2.814486
droso_4840,43.2,3.190888,2.716037,3.1879106
droso_4840,43.300000000000004,3.619944,2.7529287,2.465768
droso_4840,43.400000000000006,3.5594747,2.785213,2.9239328
droso_4840,43.5,3.5798883,2.3818505,2.7813156
droso_4840,43.6,3.5263765,2.3115325,2.854271
droso_4840,43.7,3.6283658,3.0996368,2.9832675
droso_4840,43.800000000000004,3.6565695,2.5875044,3.1029313
droso_4840,43.900000000000006,3.413737,2.573217,3.089271
droso_4840,44.0,3.4481971,2.864844,2.6475375
droso_4840,44.1,3.4883692,2.7827525,3.1854575
droso_4840,44.2,3.8556232,2.7429476,2.9704783
droso_4840,44.300000000000004,4.017439,3.1991787,2.7615929
droso_4840,44.400000000000006,3.6205022,2.9976165,3.124619
droso_4840,44.5,3.4957771,3.7063518,2.7817674
droso_4840,44.6,3.7221897,2.70142,3.1121485
droso_4840,44.7,3.8789499,3.460125,3.1219919
droso_4840,44.800000000000004,3.886576,2.8269641,2.845966
droso_4840,44.900000000000006,3.7485445,2.6115012,2.657826
droso_4840,45.0,3.975056,2.858669,2.944933
droso_4840,45.1,4.0308995,2.4535031,3.2174494
droso_4840,45.2,3.4634657,2.9767246,3.1713383
droso_4840,45.300000000000004,2.9506664,2.81608,3.0981612
droso_4840,45.400000000000006,3.3080096,2.650041,3.1875882
droso_4840,45.5,3.1534567,2.7396643,3.1980815
droso_4840,45.6,2.7627819,2.5356107,3.1603289
droso_4840,45.7,3.0068636,3.3455608,3.0879836
droso_4840,45.800000000000004,3.136701,2.7307603,3.008673
droso_4840,45.900000000000006,2.9307303,2.9661148,3.191626
droso_4840,46.0,3.0293324,3.322594,3.2777753
droso_4840,46.1,3.4876678,3.1472073,2.550104
droso_4840,46.2,2.7466946,3.0410488,2.635217
droso_4840,46.300000000000004,2.9977784,3.1044703,2.7763724
droso_4840,46.400000000000006,3.213315,2.4907212,3.072945
droso_4840,46.5,2.5693293,2.7633915,3.0206652
droso_4840,46.6,2.7089012,2.866875,2.724455
droso_4840,46.7,2.5517566,2.5284011,3.1426828
droso_4840,46.800000000000004,2.8232028,2.3683624,2.772476
droso_4840,46.900000000000006,2.5258412,2.8241472,2.931481
droso_4840,47.0,2.2332935,2.753579,2.634705
droso_4840,47.1,2.5888796,3.2102406,2.359961
droso_4840,47.2,2.704805,2.4096525,2.8051655
droso_4840,47.300000000000004,2.7976732,2.441683,2.750536
droso_4840,47.400000000000006,2.7878847,3.3878007,3.0819016
droso_4840,47.5,2.7747033,3.2885728,2.5830622
droso_4840,47.6,2.7042265,3.0261397,2.778511
droso_4840,47.7,3.169724,3.4447653,3.0011077
droso_4840,47.800000000000004,3.1915858,3.0756605,3.5527847
droso_4840,47.900000000000006,3.574035,3.392142,3.4695785
droso_4840,48.0,3.136446,3.2609215,3.3846462
droso_4840,48.1,3.8287418,3.0286345,3.012648
droso_4840,48.2,3.3526044,3.127678,2.8309762
droso_4840,48.300000000000004,3.4329696,2.70436,2.8850486
droso_4840,48.400000000000006,2.6756985,3.190701,2.9793713
droso_4840,48.5,3.6761339,3.4954858,3.0747626
droso_4840,48.6,3.4340897,3.2249475,2.7157757
droso_4840,48.7,3.343792,2.655796,2.7609317
droso_4840,48.800000000000004,3.5929713,2.8379405,3.0269287
droso_4840,48.900000000000006,3.1097968,2.7865684,2.4662101
droso_4840,49.0,2.9472861,3.0117738,2.7999406
droso_4840,49.1,3.1805522,2.893726,2.8469646
droso_4840,49.2,3.2735837,2.7793007,3.0943422
droso_4840,49.300000000000004,3.7941723,3.3338926,3.2494798
droso_4840,49.400000000000006,2.9210203,3.1682837,3.1111903
droso_4840,49.5,2.7895033,3.1502833,3.1734254
droso_4840,49.6,3.0180159,2.7625012,3.0262659
droso_4840,49.7,3.3073342,2.698383,2.7401657
droso_4840,49.800000000000004,3.790054,2.7177029,3.2558615
droso_4840,49.900000000000006,3.6102412,2.7960348,3.4772213
droso_4840,50.0,3.4649403,2.620313,2.7141237
droso_4840,50.1,3.5725048,2.9764385,3.2038593
droso_4840,50.2,3.4674907,2.44255,3.2116714
droso_4840,50.300000000000004,3.2388337,3.209972,3.2722425
droso_4840,50.400000000000006,3.9552283,2.8328695,3.388978
droso_4840,50.5,3.6789699,2.9626877,3.8350565
droso_4840,50.6,3.594014,2.5991435,3.1958086
droso_4840,50.7,3.649677,2.537045,3.356688
droso_4840,50.800000000000004,3.8580813,2.9598243,3.7268724
droso_4840,50.900000000000006,3.3269236,2.790322,3.5849278
droso_4840,51.0,3.1977801,2.429782,4.0658417
droso_4840,51.1,2.4987173,2.9145484,3.7021081
droso_4840,51.2,3.228237,2.469682,3.307951
droso_4840,51.300000000000004,3.065333,2.9550555,3.0607147
droso_4840,51.400000000000006,3.1741934,3.2219691,3.4895813
droso_4840,51.5,3.5428224,2.8959858,3.6291084
droso_4840,51.6,3.5800295,2.9978437,3.2120805
droso_4840,51.7,3.440727,3.5051594,3.7945871
droso_4840,51.800000000000004,3.2202008,3.4952726,3.5229793
droso_4840,51.900000000000006,3.8366005,2.702885,3.801947
droso_4840,52.0,3.325433,2.9576073,4.0303593
droso_4840,52.1,3.3697472,3.0517223,3.650105
droso_4840,52.2,3.694594,2.9955492,3.4708352
droso_4840,52.300000000000004,3.447316,2.5383184,3.563989
droso_4840,52.400000000000006,3.147098,2.9621692,3.594344
droso_4840,52.5,2.79881,2.7630844,3.9627805
droso_4840,52.6,3.1855457,2.7850816,3.9972343
droso_4840,52.7,3.019443,2.8156464,3.9392369
droso_4840,52.800000000000004,3.1945357,3.0143425,3.8169193
droso_4840,52.900000000000006,3.3011465,3.1380408,3.5424135
droso_4840,53.0,3.2405694,3.546538,3.8216074
droso_4840,53.1,3.1587756,3.1099682,3.9128761
droso_4840,53.2,2.265545,3.333679,3.6751618
droso_4840,53.300000000000004,2.2331195,3.2301333,3.614414
droso_4840,53.400000000000006,2.7164814,2.9777749,3.4588246
droso_4840,53.5,2.7803428,3.2222326,3.3902404
droso_4840,53.6,2.7168818,3.224339,3.2901933
droso_4840,53.7,3.1398993,3.2691836,2.9335127
droso_4840,53.800000000000004,3.154515,3.0830219,2.6320097
droso_4840,53.900000000000006,2.9784424,3.086575,2.887182
droso_4840,54.0,2.7217448,3.2167442,3.1887925
droso_4840,54.1,2.5707157,2.4848523,3.3438184
droso_4840,54.2,2.899633,2.750996,2.9735618
droso_4840,54.300000000000004,2.7941122,2.4213243,2.6242716
droso_4840,54.400000000000006,2.8017893,2.508236,2.631065
droso_4840,54.5,2.6831744,2.4700327,2.6047218
droso_4840,54.6,2.983926,2.3122537,2.586115
droso_4840,54.7,3.1979587,2.3062098,2.61156
droso_4840,54.800000000000004,2.7389505,2.7654874,2.8034816
droso_4840,54.900000000000006,3.1387568,3.1483414,2.6241422
droso_4840,55.0,3.1816351,3.1989446,2.4778917
droso_4840,55.1,2.890392,3.189003,2.57499
droso_4840,55.2,2.6482644,2.3718762,2.7322867
droso_4840,55.300000000000004,2.7393398,2.4134843,2.6131508
droso_4840,55.400000000000006,2.5707376,2.4654107,2.7607982
droso_4840,55.5,2.8145688,3.0665228,2.8851848
droso_4840,55.6,2.6180422,2.7011793,2.6736927
droso_4840,55.7,2.5234444,2.5267897,2.6160555
droso_4840,55.800000000000004,2.7853346,2.8119895,2.383828
droso_4840,55.900000000000006,2.5332685,2.6658037,2.599295
droso_4840,56.0,2.9253998,2.5879045,2.6129744
droso_4840,56.1,2.5847545,3.0356169,2.7068408
droso_4840,56.2,3.331279,2.8149955,2.899365
droso_4840,56.300000000000004,2.9522574,2.547918,2.6543572
droso_4840,56.400000000000006,3.1077275,2.6777244,2.4706907
droso_4840,56.5,2.5767534,2.6192985,2.5707755
droso_4840,56.6,2.7110493,2.5221906,2.5437372
droso_4840,56.7,2.751552,2.5113394,2.5711937
droso_4840,56.800000000000004,2.709539,2.9402044,2.6905828
droso_4840,56.900000000000006,2.8369315,2.8761957,2.5982332
droso_4840,57.0,2.816634,2.4453657,2.9632957
droso_4840,57.1,3.0102577,2.7378492,2.8842764
droso_4840,57.2,2.6754344,2.5597613,2.857792
droso_4840,57.300000000000004,2.5165958,2.5600212,3.0538116
droso_4840,57.400000000000006,2.415353,2.3417103,2.8810477
droso_4840,57.5,2.4361231,2.55556,2.8471417
droso_4840,57.6,2.4893034,2.6227682,2.8210297
droso_4840,57.7,2.8220758,2.76215,2.802498
droso_4840,57.800000000000004,2.7738829,2.6999211,2.7788005
droso_4840,57.900000000000006,2.9712186,2.9515865,2.78911
droso_4840,58.0,2.617118,2.841708,2.9065754
droso_4840,58.1,2.9014304,2.940911,3.2394805
droso_4840,58.2,2.6152387,3.3809469,3.1307344
droso_4840,58.300000000000004,2.6464481,2.62243,3.236662
droso_4840,58.400000000000006,3.0209014,2.448809,3.0322149
droso_4840,58.5,3.1124172,2.6708648,3.199631
droso_4840,58.6,3.357375,2.4819133,2.9558485
droso_4840,58.7,3.0931945,2.820542,2.9281766
droso_4840,58.800000000000004,3.3909798,2.9720142,2.4274087
droso_4840,58.900000000000006,3.4839103,2.4398766,2.3569205
droso_4840,59.0,2.5764527,2.4635482,2.6837013
droso_4840,59.1,2.9464788,2.8919516,2.6234736
droso_4840,59.2,2.8368719,2.703801,2.779029
droso_4840,59.300000000000004,3.36542,2.7561376,3.2433958
droso_4840,59.400000000000006,3.1025665,2.4177754,2.9893997
droso_4840,59.5,3.3202384,2.2448015,2.9721472
droso_4840,59.6,3.5765228,3.059697,3.0848098
droso_4840,59.7,3.137709,3.113411,3.1524515
droso_4840,59.800000000000004,3.5270748,2.9233296,3.3768392
droso_4840,59.900000000000006,3.4406288,2.7303283,2.59306
droso_4840,60.0,3.3397133,2.9122524,2.6277983
droso_4840,60.1,3.266659,2.7084067,2.4981608
droso_4840,60.2,3.428166,2.4689245,2.7636733
droso_4840,60.300000000000004,3.123195,2.1914809,2.6149251
droso_4840,60.400000000000006,3.325995,2.6243331,2.6236126
droso_4840,60.5,3.6438088,2.6466272,2.5484252
droso_4840,60.6,3.2201169,3.1971014,2.4161024
droso_4840,60.7,3.426205,2.690503,2.4368134
droso_4840,60.800000000000004,3.592298,2.7305458,2.715057
droso_4840,60.900000000000006,3.2763252,2.7020733,2.673408
droso_4840,61.0,3.4940712,2.423642,2.7627954
droso_4840,61.1,3.4994047,2.8032146,2.6265733
droso_4840,61.2,3.39769,2.983789,2.8463533
droso_4840,61.300000000000004,3.5830786,2.859715,2.511088
droso_4840,61.400000000000006,3.3656986,2.8878334,2.793115
droso_4840,61.5,3.2904453,2.6650705,2.716657
droso_4840,61.6,3.4642255,2.7533736,2.6562073
droso_4840,61.7,3.5413485,2.7342393,2.5488055
droso_4840,61.800000000000004,3.6098795,2.518688,2.8568316
droso_4840,61.900000000000006,3.2987404,2.435434,2.6470883
droso_4840,62.0,3.5753214,2.640685,2.6133192
droso_4840,62.1,3.7107134,2.8198502,2.7185855
droso_4840,62.2,3.5014205,2.780885,2.7843294
droso_4840,62.300000000000004,3.927108,2.8371816,2.4852417
droso_4840,62.400000000000006,3.8233922,2.9576726,2.7631254
droso_4840,62.5,4.3093357,2.9331725,2.8817308
droso_4840,62.6,3.8270967,3.0394793,2.9736419
droso_4840,62.7,3.6042624,2.9109473,2.3631814
droso_4840,62.800000000000004,3.4365947,2.5228465,2.6191654
droso_4840,62.900000000000006,3.4885337,2.4267583,2.66226
droso_4840,63.0,4.1050124,2.8087008,2.3333528
droso_4840,63.1,3.2129292,3.169024,2.7155724
droso_4840,63.2,3.2004044,3.521026,2.3699148
droso_4840,63.300000000000004,3.5571465,3.6849911,2.4687405
droso_4840,63.400000000000006,3.575428,2.9055207,2.7175202
droso_4840,63.5,3.0212982,2.5701072,2.5721784
droso_4840,63.6,3.1243212,2.5487077,2.699027
droso_4840,63.7,2.4030325,2.7716818,2.5906765
droso_4840,63.800000000000004,2.6741416,2.4573553,2.80007
droso_4840,63.900000000000006,2.8670788,3.0746179,2.6842375
droso_4840,64.0,2.1211853,3.4727209,2.6914344
droso_4840,64.10000000000001,2.834812,3.48168,2.686481
droso_4840,64.2,2.479815,3.720072,2.7171085
droso_4840,64.3,2.22337,3.3373287,2.539891
droso_4840,64.4,2.5549889,3.1810405,2.4409745
droso_4840,64.5,2.7652001,3.3208141,3.0554376
droso_4840,64.60000000000001,2.6922593,3.2476819,2.7610135
droso_4840,64.7,2.84263,3.1495082,3.0484045
droso_4840,64.8,2.651876,3.9123406,3.443207
droso_4840,64.9,2.9694722,3.452403,2.9026425
droso_4840,65.0,3.1451244,3.4045625,2.646683
droso_4840,65.10000000000001,3.0698848,3.3011084,2.761828
droso_4840,65.2,3.3835402,3.6543567,3.4436321
droso_4840,65.3,3.0494826,3.2126522,3.2472436
droso_4840,65.4,2.9453182,3.3968349,3.162199
droso_4840,65.5,3.4691534,3.4651704,3.7166922
droso_4840,65.60000000000001,3.3954942,3.485678,3.1856236
droso_4840,65.7,2.5365431,2.9243202,3.2788897
droso_4840,65.8,2.9632874,3.3408039,3.2113302
droso_4840,65.9,3.071709,2.6841087,3.343271
droso_4840,66.0,3.0704107,2.9147182,3.599489
droso_4840,66.10000000000001,2.6650772,3.1031845,3.0013096
droso_4840,66.2,2.885702,2.8828907,3.0349472
droso_4840,66.3,2.8603637,2.8513472,2.8240545
droso_4840,66.4,3.1440594,2.7282655,2.7719347
droso_4840,66.5,3.507894,3.0894518,3.045108
droso_4840,66.60000000000001,3.4039764,3.5554805,2.837192
droso_4840,66.7,3.690702,3.2025678,2.537336
droso_4840,66.8,3.364821,3.0442464,2.6410503
droso_4840,66.9,3.1556287,2.7993228,2.453178
droso_4840,67.0,2.843406,3.1799679,2.2852237
droso_4840,67.10000000000001,3.0768435,2.9827983,2.3929574
droso_4840,67.2,2.586177,3.1206324,2.019629
droso_4840,67.3,2.6535764,3.4325516,2.1196964
droso_4840,67.4,2.6561396,3.4046497,2.1845095
droso_4840,67.5,2.6253004,3.1137486,2.147638
droso_4840,67.60000000000001,2.3892217,3.643536,2.0023296
droso_4840,67.7,2.4534552,3.5168192,1.9237162
droso_4840,67.8,2.6621032,3.0069404,2.1202416
droso_4840,67.9,2.8334768,3.4454813,2.2822676
droso_4840,68.0,2.8694518,3.1439338,2.241118
droso_4840,68.10000000000001,2.7679365,3.407478,2.2742784
droso_4840,68.2,2.3106627,3.11283,2.0068173
droso_4840,68.3,2.382649,3.1888616,2.5166488
droso_4840,68.4,2.5908003,3.2702665,2.7291746
droso_4840,68.5,2.5996094,3.174971,2.3523748
droso_4840,68.60000000000001,2.5770662,2.9593406,2.2856574
droso_4840,68.7,2.6806712,2.8771484,2.4014664
droso_4840,68.8,2.905003,2.8580248,3.0260642
droso_4840,68.9,2.522692,3.51457,2.661792
droso_4840,69.0,2.5524597,3.48089,2.7881691
droso_4840,69.10000000000001,2.2764177,3.9728208,2.7926512
droso_4840,69.2,2.517217,3.516123,2.8145804
droso_4840,69.3,2.983081,3.1605897,2.5050836
droso_4840,69.4,2.7547514,3.1853774,2.5718129
droso_4840,69.5,2.629481,3.348063,2.9351082
droso_4840,69.60000000000001,2.6122758,3.2778337,3.0794315
droso_4840,69.7,2.4318507,3.488363,2.7019176
droso_4840,69.8,2.5275779,3.670674,2.9810617
droso_4840,69.9,2.5561602,2.8334084,3.1327682
droso_4840,70.0,2.518715,3.6473215,3.1362426
droso_4840,70.10000000000001,2.270717,3.494723,3.1982636
droso_4840,70.2,2.3429163,3.1281857,3.0554447
droso_4840,70.3,2.7409828,3.1923656,2.8593876
droso_4840,70.4,2.5467,3.1733103,3.1169674
droso_4840,70.5,2.2688901,2.873337,2.6769996
droso_4840,70.60000000000001,2.1423137,3.0193214,3.0135536
droso_4840,70.7,2.3144183,3.1612103,3.0375211
droso_4840,70.8,2.4583452,3.5060234,2.8813674
droso_4840,70.9,2.540749,3.34711,2.623726
droso_4840,71.0,2.5904088,3.440372,2.961906
droso_4840,71.10000000000001,2.2790055,3.0059404,2.9217498
droso_4840,71.2,2.179577,2.9181893,2.7131896
droso_4840,71.3,2.5407927,3.181038,2.8634007
droso_4840,71.4,1.938095,2.9322937,2.705719
droso_4840,71.5,2.052248,3.25573,3.1345134
droso_4840,71.60000000000001,2.0157785,3.2668626,2.8912911
droso_4840,71.7,2.182117,3.5166247,3.2048008
droso_4840,71.8,2.1009967,3.212085,3.029757
droso_4840,71.9,1.7699543,3.3432713,2.7377338
droso_4840,72.0,1.8971102,3.230275,2.551171
droso_4840,72.10000000000001,2.2256289,3.0721743,3.0888736
droso_4840,72.2,2.104828,3.4546614,2.7400298
droso_4840,72.3,1.6567833,3.399641,2.8194013
droso_4840,72.4,2.3771496,3.2873132,3.0785925
droso_4840,72.5,2.0930824,3.3998497,2.915449
droso_4840,72.60000000000001,2.0151653,3.3291116,2.8146768
droso_4840,72.7,3.0695944,3.692971,2.634022
droso_4840,72.8,3.0833788,3.8310788,2.742179
droso_4840,72.9,2.2820246,3.402976,2.754257
droso_4840,73.0,2.7229013,3.362138,2.8249211
droso_4840,73.10000000000001,2.1045315,3.784007,2.6911042
droso_4840,73.2,2.4569755,3.5338132,2.5085814
droso_4840,73.3,1.9906303,3.6258166,2.6061542
droso_4840,73.4,2.2404628,3.3901134,3.0710917
droso_4840,73.5,2.2083375,3.886732,2.3133469
droso_4840,73.60000000000001,2.253547,3.7218883,2.4536421
droso_4840,73.7,2.3564446,2.9378932,2.360095
droso_4840,73.8,1.9567165,3.6551573,2.4358175
droso_4840,73.9,2.2077935,3.4932525,2.6223178
droso_4840,74.0,2.4885707,4.0364547,2.5316942
droso_4840,74.10000000000001,2.2553546,3.727007,2.7135637
droso_4840,74.2,2.3330455,3.672535,2.5547223
droso_4840,74.3,2.524913,3.5553942,2.433915
droso_4840,74.4,2.4363275,3.5845144,2.8667502
droso_4840,74.5,2.6570973,3.6682508,2.4903884
droso_4840,74.60000000000001,2.7586215,2.8315918,2.8094313
droso_4840,74.7,2.398305,3.5663767,2.5276027
droso_4840,74.8,2.3703117,3.2921228,2.649172
droso_4840,74.9,2.8711307,2.8703337,2.693036
droso_4840,75.0,2.5884073,2.7626553,2.8643315
droso_4840,75.10000000000001,2.5610924,3.0804849,2.4578626
droso_4840,75.2,2.721487,3.1548111,3.035417
droso_4840,75.3,2.8755295,3.218218,2.9838316
droso_4840,75.4,2.397664,3.8029442,2.7713342
droso_4840,75.5,2.7465987,3.5247035,2.3648262
droso_4840,75.60000000000001,2.5060463,3.4911506,2.148204
droso_4840,75.7,2.3639474,3.2530735,2.7633023
droso_4840,75.8,2.8123083,2.692246,2.8317668
droso_4840,75.9,2.2005882,3.1702883,2.8643029
droso_4840,76.0,2.7332442,2.8636808,2.611685
droso_4840,76.10000000000001,2.4391425,2.479864,2.7398782
droso_4840,76.2,2.789705,2.7239552,2.5961523
droso_4840,76.3,2.4182742,3.0744374,3.020237
droso_4840,76.4,2.1269214,2.7118816,2.5574462
droso_4840,76.5,2.5139568,3.1374638,2.5072339
droso_4840,76.60000000000001,2.5748665,3.0998778,2.8041937
droso_4840,76.7,2.595062,2.6786284,2.774741
droso_4840,76.80000000000001,2.5465846,2.6377327,2.718874
droso_4840,76.9,2.595418,2.6726193,2.8009017
droso_4840,77.0,2.6797957,2.8175166,2.634301
droso_4840,77.10000000000001,2.8729503,2.9561636,2.7129734
droso_4840,77.2,3.300176,2.2453277,2.7994514
droso_4840,77.30000000000001,2.6373775,2.1656902,2.915268
droso_4840,77.4,2.575059,2.9622023,2.5861144
droso_4840,77.5,3.0448928,2.543172,2.6240695
droso_4840,77.60000000000001,2.7015214,2.7704825,2.7482624
droso_4840,77.7,3.2577493,2.6420324,2.7327657
droso_4840,77.80000000000001,3.0203757,2.9907005,2.8277714
droso_4840,77.9,3.377393,2.7219636,2.8972335
droso_4840,78.0,4.248442,2.8223317,2.5725052
droso_4840,78.10000000000001,3.70347,2.9007165,2.679319
droso_4840,78.2,3.1586497,3.1078691,3.0253851
droso_4840,78.30000000000001,2.8491793,2.7737844,2.8785696
droso_4840,78.4,2.6285973,2.383507,2.8112445
droso_4840,78.5,1.9670905,2.7087445,2.9184268
droso_4840,78.60000000000001,2.3049307,2.5510385,2.5450401
droso_4840,78.7,2.3544073,2.668175,2.6066155
droso_4840,78.80000000000001,2.456546,2.7773402,2.9858978
droso_4840,78.9,1.9268118,2.7834072,2.8164294
droso_4840,79.0,2.3334255,2.9022856,2.917516
droso_4840,79.10000000000001,2.1559205,2.4306831,2.7081957
droso_4840,79.2,2.0685184,2.3655696,2.5205877
droso_4840,79.30000000000001,2.8226833,2.7205708,2.7739868
droso_4840,79.4,3.187009,2.8074057,3.0312538
droso_4840,79.5,3.0931044,2.399863,3.0475261
droso_4840,79.60000000000001,2.7070172,2.9715,2.760501
droso_4840,79.7,3.0447347,2.6091244,3.0842927
droso_4840,79.80000000000001,2.7707675,3.0766878,3.0883615
droso_4840,79.9,2.6173291,3.5746195,2.8971024
droso_4840,80.0,2.7717507,3.2113063,2.6554415
droso_4840,80.10000000000001,3.1078472,2.77595,3.0835247
droso_4840,80.2,3.5734725,2.8468277,2.8975608
droso_4840,80.30000000000001,3.787674,3.2217076,2.945484
droso_4840,80.4,3.161562,2.7627919,3.007551
droso_4840,80.5,3.5926952,2.8387542,2.9543903
droso_4840,80.60000000000001,3.255956,2.6131117,3.0824208
droso_4840,80.7,3.3432748,2.681401,2.947168
droso_4840,80.80000000000001,2.8396714,2.243516,2.8894806
droso_4840,80.9,3.0373976,2.5954437,2.7009606
droso_4840,81.0,3.5912948,2.573485,2.9503386
droso_4840,81.10000000000001,3.251972,2.825459,2.7655554
droso_4840,81.2,2.6245763,2.5547335,2.966354
droso_4840,81.30000000000001,2.7873425,3.0006447,2.6721056
droso_4840,81.4,2.9918656,3.523066,2.9146192
droso_4840,81.5,2.5682085,3.2476134,3.0408487
droso_4840,81.60000000000001,2.5517132,3.5459015,2.7244956
droso_4840,81.7,2.5865896,3.2178388,2.6748817
droso_4840,81.80000000000001,3.0085745,3.2926366,3.0257013
droso_4840,81.9,3.203095,3.677447,2.590527
droso_4840,82.0,3.184927,3.5928547,2.7710338
droso_4840,82.10000000000001,3.5083647,3.295235,2.7744956
droso_4840,82.2,3.8131177,2.8982174,2.9358585
droso_4840,82.30000000000001,3.3391109,3.0887399,3.007832
droso_4840,82.4,3.436026,3.2076526,2.8364797
droso_4840,82.5,3.452855,3.525782,2.993784
droso_4840,82.60000000000001,3.2695606,2.8963737,2.882628
droso_4840,82.7,3.451778,3.170525,3.2176483
droso_4840,82.80000000000001,2.4716277,3.2120335,2.547498
droso_4840,82.9,3.1251795,2.9559896,2.7089293
droso_4840,83.0,3.3578696,2.6167717,2.5300899
droso_4840,83.10000000000001,2.9901469,2.7278209,2.6549873
droso_4840,83.2,2.7553322,2.8490098,2.7527242
droso_4840,83.30000000000001,2.6610408,3.0499244,3.218251
droso_4840,83.4,2.7938843,2.9496374,2.8453913
droso_4840,83.5,2.5681925,2.9367702,2.7073936
droso_4840,83.60000000000001,2.3110132,2.9180865,2.7120306
droso_4840,83.7,2.2614214,2.8023658,2.3750167
droso_4840,83.80000000000001,2.7517226,2.9282808,2.8226388
droso_4840,83.9,2.6970537,3.720117,2.3286638
droso_4840,84.0,2.7525005,4.0100904,2.1359406
droso_4840,84.10000000000001,2.553058,4.2209625,2.3999395
droso_4840,84.2,3.0609772,4.277597,2.569183
droso_4840,84.30000000000001,2.3375833,3.8983529,2.9820936
droso_4840,84.4,2.730271,4.3787227,3.2375104
droso_4840,84.5,2.7985435,4.294833,3.172487
droso_4840,84.60000000000001,3.0558608,3.7708335,3.3291569
droso_4840,84.7,2.5981872,3.4006279,2.9378603
droso_4840,84.80000000000001,2.585731,3.8536577,2.7066839
droso_4840,84.9,2.4555366,3.8395507,2.0278401
droso_4840,85.0,2.8031557,3.670848,1.8943955
droso_4840,85.10000000000001,2.6869724,3.2798138,2.086931
droso_4840,85.2,2.4761522,4.046429,2.625974
droso_4840,85.30000000000001,2.8711472,4.267125,3.043772
droso_4840,85.4,2.483078,4.140998,2.8990245
droso_4840,85.5,3.137454,3.9112313,2.7136173
droso_4840,85.60000000000001,3.0880547,3.4620903,2.9276938
droso_4840,85.7,3.1648183,3.1021483,2.9701586
droso_4840,85.80000000000001,2.916867,3.1570191,2.7225559
droso_4840,85.9,2.9794452,2.8495407,3.1851103
droso_4840,86.0,2.8302555,2.693183,2.7788458
droso_4840,86.10000000000001,3.2156682,2.8330567,2.650093
droso_4840,86.2,2.8885012,3.2421033,2.6006565
droso_4840,86.30000000000001,3.2378588,3.0146365,2.7920444
droso_4840,86.4,2.9775758,3.2195306,2.4545503
droso_4840,86.5,2.7567205,2.9594123,3.1599607
droso_4840,86.60000000000001,2.7032866,3.2351372,3.2102792
droso_4840,86.7,2.7259722,2.9474812,3.2005036
droso_4840,86.80000000000001,2.8503816,3.0620282,3.4841607
droso_4840,86.9,3.055056,2.731517,3.8076785
droso_4840,87.0,2.928484,2.7312875,3.3042493
droso_4840,87.10000000000001,2.9806666,3.4081519,2.2463615
droso_4840,87.2,2.6020129,3.2622497,2.3265414
droso_4840,87.30000000000001,2.881945,3.8786824,2.4810572
droso_4840,87.4,3.4901686,3.331691,2.8692644
droso_4840,87.5,3.027223,2.995321,2.7934139
droso_4840,87.60000000000001,2.8743043,3.1763244,2.6286013
droso_4840,87.7,2.8368552,3.0113153,2.774401
droso_4840,87.80000000000001,2.969441,3.2479222,2.8076236
droso_4840,87.9,2.9460845,2.8473558,3.0725262
droso_4840,88.0,3.081522,2.8667307,3.1112704
droso_4840,88.10000000000001,2.6992404,2.6998765,2.9546158
droso_4840,88.2,2.6021376,2.5338092,2.7883117
droso_4840,88.30000000000001,2.9112337,3.3339188,3.021163
droso_4840,88.4,2.7551405,2.8596349,2.7159762
droso_4840,88.5,3.06198,3.2413538,2.642902
droso_4840,88.60000000000001,2.7714033,2.821239,2.3563342
droso_4840,88.7,2.9728389,2.7384298,2.8260639
droso_4840,88.80000000000001,3.0963447,3.0234067,2.3610573
droso_4840,88.9,3.2748337,2.8044007,2.8579636
droso_4840,89.0,2.6311512,2.9746728,3.1523712
droso_4840,89.10000000000001,3.2099676,3.0836978,3.0942612
droso_4840,89.2,2.8012757,3.179098,3.1814582
droso_4840,89.30000000000001,2.7048814,3.623185,2.9264338
droso_4840,89.4,2.8839474,3.9028394,3.0287762
droso_4840,89.5,2.9392135,3.5504353,3.2134109
droso_4840,89.60000000000001,3.320438,3.735156,3.0247855
droso_4840,89.7,2.7491717,3.550903,2.681887
droso_4840,89.80000000000001,3.0369234,3.5262885,2.7541573
droso_4840,89.9,2.8791099,3.6177263,2.5387027
droso_4840,90.0,2.8663077,3.4300659,2.698314
droso_4840,90.10000000000001,2.6883743,3.3022766,2.8067405
droso_4840,90.2,3.1407273,3.713061,2.9483883
droso_4840,90.30000000000001,3.171476,3.5732362,2.4386342
droso_4840,90.4,3.038341,3.8467336,2.562191
droso_4840,90.5,2.7011633,3.374762,2.3714905
droso_4840,90.60000000000001,3.0325484,3.370804,2.3438094
droso_4840,90.7,3.66509,3.2722278,2.5288508
droso_4840,90.80000000000001,4.214131,3.8688943,2.3979
droso_4840,90.9,4.1504173,3.2888799,2.325341
droso_4840,91.0,4.12576,3.243862,2.5327501
droso_4840,91.10000000000001,4.5436287,3.227195,2.4560502
droso_4840,91.2,4.8607388,3.7469635,2.5385468
droso_4840,91.30000000000001,3.691138,3.5955336,2.7255344
droso_4840,91.4,3.5796711,3.4763267,2.5224779
droso_4840,91.5,3.8662558,3.6015415,2.714476
droso_4840,91.60000000000001,3.657295,3.8080857,2.6710114
droso_4840,91.7,3.6409056,3.8061073,2.6440802
droso_4840,91.80000000000001,3.8879173,2.8194666,2.878006
droso_4840,91.9,3.59699,2.5119245,2.8347688
droso_4840,92.0,4.0319395,3.090237,3.1003242
droso_4840,92.10000000000001,4.1042767,2.973124,3.1583912
droso_4840,92.2,3.9438848,3.0792782,2.9981062
droso_4840,92.30000000000001,3.8218594,3.0535388,3.2803624
droso_4840,92.4,3.720916,3.4721234,2.9529884
droso_4840,92.5,3.6058395,3.1657782,2.8554034
droso_4840,92.60000000000001,3.5936937,3.4094572,2.5289345
droso_4840,92.7,3.0219126,2.8262217,2.535427
droso_4840,92.80000000000001,3.1100454,3.2742567,2.8555331
droso_4840,92.9,2.8538392,3.186499,2.8234324
droso_4840,93.0,2.7013476,2.8035374,2.8929095
droso_4840,93.10000000000001,3.23412,3.0901437,3.0487282
droso_4840,93.2,3.439113,3.7510493,2.9911742
droso_4840,93.30000000000001,3.3591535,3.0290613,2.9147892
droso_4840,93.4,3.4296181,3.0458033,3.2112222
droso_4840,93.5,3.3159385,3.0623195,3.051474
droso_4840,93.60000000000001,3.389965,2.8150792,3.0835319
droso_4840,93.7,3.406186,2.9301097,2.5801375
droso_4840,93.80000000000001,3.4349053,3.391472,2.9637918
droso_4840,93.9,3.385851,3.153382,2.8098588
droso_4840,94.0,3.3952231,3.2224407,2.8145545
droso_4840,94.10000000000001,3.1481934,2.8708494,3.056417
droso_4840,94.2,3.7499537,3.210385,2.6571841
droso_4840,94.30000000000001,3.881382,3.1811492,3.0202818
droso_4840,94.4,4.0822644,3.482969,2.8624692
droso_4840,94.5,3.9345677,3.2440953,2.6315453
droso_4840,94.60000000000001,3.731029,2.8439102,3.1762228
droso_4840,94.7,3.7415836,3.1169355,2.9636564
droso_4840,94.80000000000001,3.9567733,2.8134277,3.0301626
droso_4840,94.9,3.9243321,2.9911823,2.7688482
droso_4840,95.0,4.020186,2.955987,2.76526
droso_4840,95.10000000000001,4.613354,3.206421,2.9025211
droso_4840,95.2,4.686841,3.3040957,2.4776967
droso_4840,95.30000000000001,4.782405,3.019662,2.7799199
droso_4840,95.4,4.923962,3.0344007,2.541819
droso_4840,95.5,4.352737,2.809,2.5008628
droso_4840,95.60000000000001,3.690622,2.8885026,2.689221
droso_4840,95.7,3.68593,3.175176,2.5654967
droso_4840,95.80000000000001,3.6707904,2.7689517,2.7227802
droso_4840,95.9,3.3620253,3.0387723,2.9510612
droso_4840,96.0,4.0927086,3.0795736,2.3832002
droso_4840,96.10000000000001,3.8814662,2.9014175,2.5803757
droso_4840,96.2,3.6319675,2.7573485,2.8548946
droso_4840,96.30000000000001,3.5711732,2.8435886,2.905719
droso_4840,96.4,3.4746296,3.1496766,2.7565656
droso_4840,96.5,3.500659,3.065916,2.8180578
droso_4840,96.60000000000001,3.4855928,3.2395005,2.935788
droso_4840,96.7,3.7600613,3.3692212,2.7695184
droso_4840,96.80000000000001,3.2481327,3.2102697,2.6691573
droso_4840,96.9,3.4451194,3.4795232,2.7532918
droso_4840,97.0,3.2773125,3.475439,2.7733638
droso_4840,97.10000000000001,3.6151118,3.4429877,2.5970237
droso_4840,97.2,3.480431,3.524206,2.4710815
droso_4840,97.30000000000001,3.7699866,3.0924401,2.6708527
droso_4840,97.4,3.6159315,3.0561433,2.74332
droso_4840,97.5,3.9832878,3.5385718,2.6468441
droso_4840,97.60000000000001,3.6883514,3.2911606,2.9323146
droso_4840,97.7,3.402124,2.9545622,2.8559353
droso_4840,97.80000000000001,3.863004,2.868537,2.6563306
droso_4840,97.9,3.6954672,3.2747684,2.6951413
droso_4840,98.0,3.8489277,3.0760474,2.2995307
droso_4840,98.10000000000001,4.079906,3.0211413,2.2922118
droso_4840,98.2,3.6996512,3.0742602,2.1712048
droso_4840,98.30000000000001,4.010862,2.8674853,2.5974953
droso_4840,98.4,4.258123,2.8892689,2.4578276
droso_4840,98.5,3.687279,2.9179962,2.698094
droso_4840,98.60000000000001,4.20944,2.8476858,2.3065517
droso_4840,98.7,4.0250325,2.6852114,2.5996184
droso_4840,98.80000000000001,4.0605755,2.9536211,2.5680046
droso_4840,98.9,3.902984,3.2066112,2.2928681
droso_4840,99.0,4.325618,2.8664055,2.2831504
droso_4840,99.10000000000001,4.0283737,3.0751193,2.230181
droso_4840,99.2,4.122136,2.953882,2.9837966
droso_4840,99.30000000000001,4.0774736,3.1124666,2.4122725
droso_4840,99.4,3.6461139,3.2178216,2.4979162
droso_4840,99.5,3.5712304,2.9796433,2.6777802
droso_4840,99.60000000000001,4.2731857,2.9930625,2.751039
droso_4840,99.7,3.8876092,2.9081683,2.875264
droso_4840,99.80000000000001,4.0986476,2.960796,3.1334734
droso_4840,99.9,3.9505734,2.9680376,3.0452921
