,id,AFDB50_highest_Tm
0,rand_831,0.5118
1,rand_859,0.3243
2,rand_909,0.4679
3,rand_947,0.252
4,rand_970,0.6398
5,rand_1002,0.1221
6,rand_1037,0.3246
7,rand_1070,0.352
8,rand_1127,0.6705
9,rand_790,0.5452
10,rand_823,0.2815
11,rand_848,0.3487
12,rand_876,0.3572
13,rand_896,0.6684
14,rand_92,0.1963
15,rand_976,0.4105
16,rand_9,0.05924
17,rand_1001,0.604
18,rand_1583,0.3669
19,rand_1604,0.4314
20,rand_1626,0.4903
21,rand_1660,0.6014
22,rand_1688,0.7025
23,rand_1709,0.384
24,rand_1728,0.4401
25,rand_794,0.3738
26,rand_815,0.2122
27,rand_842,0.1519
28,rand_865,0.4217
29,rand_914,0.5587
30,rand_933,0.5316
31,rand_960,0.3184
32,rand_982,0.3656
33,rand_1017,0.5587
34,rand_1039,0.5065
35,rand_1774,0.4366
36,rand_179,0.2703
37,rand_1823,0.6687
38,rand_1871,0.2558
39,rand_1896,0.8524
40,rand_1924,0.5896
41,rand_1951,0.8599
42,rand_2034,0.3805
43,rand_205,0.4985
44,rand_2115,0.3634
45,rand_1339,0.2619
46,rand_1360,0.3521
47,rand_1381,0.4531
48,rand_1404,0.4006
49,rand_1428,0.3496
50,rand_1452,0.2846
51,rand_1472,0.543
52,rand_1525,0.6915
53,rand_155,0.2408
54,rand_1591,0.2793
55,rand_901,0.7325
56,rand_95,0.2072
57,rand_986,0.5002
58,rand_1012,0.3868
59,rand_1049,0.3225
60,rand_1063,0.3566
61,rand_1093,0.2827
62,rand_110,0.167
63,rand_1144,0.599
64,rand_1895,0.6724
65,rand_1923,0.2929
66,rand_1975,0.528
67,rand_2000,0.295
68,rand_2022,0.3557
69,rand_2048,0.2749
70,rand_2072,0.474
71,rand_2129,0.3688
72,rand_591,0.4128
73,rand_616,0.9211
74,rand_687,0.3848
75,rand_707,0.2785
76,rand_726,0.3178
77,rand_753,0.5298
78,rand_780,0.2375
79,rand_801,0.6849
80,rand_846,0.5738
81,rand_873,0.2183
82,rand_885,0.2441
83,rand_907,0.6703
84,rand_949,0.2326
85,rand_965,0.2729
86,rand_991,0.2981
87,rand_1000,0.5041
88,rand_1053,0.7172
89,rand_1099,0.3421
90,rand_113,0.1452
91,rand_1170,0.3311
92,rand_2007,0.2645
93,rand_2035,0.2724
94,rand_2059,0.4795
95,rand_2084,0.4167
96,rand_2108,0.6457
97,rand_2236,0.3064
98,rand_116,0.2823
99,rand_1206,0.719
100,rand_1246,0.7166
101,rand_1273,0.6029
102,rand_1300,0.284
103,rand_1318,0.6935
104,rand_1378,0.2623
105,rand_139,0.2138
106,rand_1431,0.5513
107,rand_1834,0.4784
108,rand_1856,0.8251
109,rand_1938,0.4515
110,rand_1966,0.3919
111,rand_198,0.1703
112,rand_2016,0.4326
113,rand_2044,0.3611
114,rand_2080,0.2595
115,rand_2103,0.3082
116,rand_2125,0.2454
117,rand_1937,0.5556
118,rand_1963,0.4209
119,rand_2015,0.3638
120,rand_2042,0.6097
121,rand_2075,0.8191
122,rand_2177,0.649
123,rand_2400,0.3729
124,rand_2423,0.6134
125,rand_2457,0.6336
126,rand_269,0.2641
127,rand_297,0.1465
128,rand_316,0.2133
129,rand_335,0.1482
130,rand_1217,0.3918
131,rand_1251,0.4727
132,rand_1271,0.3837
133,rand_1292,0.1835
134,rand_1310,0.3204
135,rand_1331,0.3116
136,rand_1352,0.7834
137,rand_1421,0.2603
138,rand_1447,0.6217
139,rand_1468,0.484
140,rand_1780,0.3528
141,rand_1803,0.3849
142,rand_1835,0.4504
143,rand_1865,0.411
144,rand_1885,0.3678
145,rand_1909,0.3284
146,rand_1930,0.3659
147,rand_2216,0.3085
148,rand_223,0.1655
149,rand_2274,0.391
150,rand_231,0.1192
151,rand_2341,0.2845
152,rand_2361,0.459
153,rand_2380,0.9156
154,rand_24,0.07693
155,rand_454,0.2907
156,rand_475,0.3607
157,rand_498,0.1581
158,rand_522,0.2282
159,rand_544,0.291
160,rand_574,0.3346
161,rand_59,0.1226
162,rand_622,0.3309
163,rand_661,0.5822
164,rand_688,0.4353
165,rand_612,0.3641
166,rand_638,0.3351
167,rand_659,0.3152
168,rand_68,0.259
169,rand_718,0.4019
170,rand_750,0.4995
171,rand_788,0.3339
172,rand_813,0.3276
173,rand_840,0.2983
174,rand_866,0.2449
175,rand_1943,0.2628
176,rand_1962,0.2038
177,rand_197,0.0848
178,rand_2005,0.5299
179,rand_2079,0.2682
180,rand_2101,0.2952
181,rand_2127,0.3621
182,rand_2444,0.331
183,rand_2468,0.5284
184,rand_266,0.2551
185,rand_287,0.228
186,rand_329,0.2569
187,rand_353,0.4129
188,rand_383,0.1822
189,rand_403,0.5394
190,rand_470,0.3715
191,rand_494,0.2025
192,rand_391,0.3704
193,rand_423,0.2636
194,rand_44,0.09752000000000001
195,rand_466,0.2957
196,rand_48,0.1429
197,rand_560,0.3042
198,rand_584,0.2885
199,rand_605,0.3541
200,rand_631,0.4641
201,rand_2149,0.7106
202,rand_2207,0.5902
203,rand_2257,0.2112
204,rand_2283,0.2562
205,rand_2322,0.4748
206,rand_2346,0.4165
207,rand_2363,0.2189
208,rand_2384,0.3636
209,rand_260,0.2083
210,rand_27,0.0918
211,rand_302,0.4206
212,rand_340,0.254
213,rand_371,0.6432
214,rand_431,0.7577
215,rand_472,0.2346
216,rand_507,0.251
217,rand_533,0.4048
218,rand_557,0.5968
219,rand_680,0.889
220,rand_734,0.6789
221,rand_835,0.2921
222,rand_860,0.6647
223,rand_891,0.3834
224,rand_916,0.8649
225,rand_984,0.2182
226,rand_1014,0.4143
227,rand_1056,0.3892
228,rand_1711,0.6668
229,rand_1736,0.2917
230,rand_1752,0.3256
231,rand_17,0.06617999999999999
232,rand_1828,0.3807
233,rand_1861,0.2239
234,rand_1882,0.5374
235,rand_1906,0.6584
236,rand_1991,0.4487
237,rand_1376,0.4659
238,rand_1400,0.2744
239,rand_1423,0.6897
240,rand_1471,0.4226
241,rand_1502,0.2666
242,rand_1523,0.633
243,rand_1565,0.3142
244,rand_1585,0.4261
245,rand_1630,0.3811
246,rand_923,0.1632
247,rand_944,0.4236
248,rand_969,0.4729
249,rand_997,0.4654
250,rand_1004,0.291
251,rand_1048,0.3849
252,rand_1090,0.4054
253,rand_1113,0.7802
254,rand_1167,0.3996
255,rand_1202,0.4116
256,rand_1758,0.6325
257,rand_1782,0.2762
258,rand_1805,0.4479
259,rand_182,0.2811
260,rand_1873,0.4594
261,rand_1894,0.414
262,rand_1921,0.4561
263,rand_194,0.1425
264,rand_1117,0.6257
265,rand_1148,0.3997
266,rand_1189,0.2879
267,rand_1209,0.4261
268,rand_1233,0.6706
269,rand_1309,0.4755
270,rand_1329,0.5504
271,rand_1345,0.3971
272,rand_1313,0.6587
273,rand_1354,0.5537
274,rand_1395,0.2548
275,rand_1415,0.3194
276,rand_1440,0.6821
277,rand_14,0.08582000000000001
278,rand_153,0.3487
279,rand_1588,0.7956
280,rand_172,0.2071
281,rand_2411,0.4713
282,rand_2438,0.7686
283,rand_279,0.4605
284,rand_318,0.3265
285,rand_348,0.2861
286,rand_374,0.2019
287,rand_3,0.03796
288,rand_413,0.5115
289,rand_1140,0.2439
290,rand_1161,0.2234
291,rand_1182,0.6847
292,rand_1212,0.3007
293,rand_1230,0.3362
294,rand_1254,0.622
295,rand_1280,0.331
296,rand_1304,0.647
297,rand_135,0.2962
298,rand_1403,0.3815
299,rand_84,0.1903
300,rand_884,0.1646
301,rand_904,0.3543
302,rand_927,0.6227
303,rand_955,0.5889
304,rand_1024,0.4255
305,rand_1046,0.3318
306,rand_1068,0.1614
307,rand_108,0.2667
308,rand_111,0.317
309,rand_1100,0.3055
310,rand_1123,0.6473
311,rand_1146,0.5529
312,rand_1185,0.3922
313,rand_1203,0.4047
314,rand_1245,0.1805
315,rand_1263,0.9004
316,rand_1367,0.3896
317,rand_138,0.1165
318,rand_1411,0.1954
319,rand_321,0.2301
320,rand_363,0.2883
321,rand_392,0.2251
322,rand_415,0.4996
323,rand_447,0.2896
324,rand_474,0.2275
325,rand_493,0.2432
326,rand_523,0.1705
327,rand_547,0.4651
328,rand_581,0.6775
329,rand_2413,0.8888
330,rand_248,0.2607
331,rand_256,0.2633
332,rand_276,0.5112
333,rand_312,0.2747
334,rand_338,0.611
335,rand_404,0.7485
336,rand_471,0.4722
337,rand_502,0.1369
338,rand_743,0.3523
339,rand_769,0.2648
340,rand_791,0.6615
341,rand_829,0.1837
342,rand_854,0.6752
343,rand_898,0.3033
344,rand_922,0.3571
345,rand_945,0.393
346,rand_96,0.2838
347,rand_602,0.2598
348,rand_627,0.436
349,rand_653,0.3972
350,rand_675,0.5191
351,rand_701,0.2964
352,rand_728,0.1256
353,rand_74,0.1469
354,rand_777,0.2716
355,rand_798,0.2801
356,rand_821,0.4595
357,rand_1437,0.2159
358,rand_1458,0.3865
359,rand_1481,0.5168
360,rand_1513,0.236
361,rand_1538,0.2795
362,rand_1555,0.7023
363,rand_1637,0.2846
364,rand_1651,0.7405
365,rand_1723,0.7652
366,rand_178,0.3451
367,rand_341,0.2092
368,rand_366,0.2326
369,rand_38,0.2054
370,rand_422,0.3566
371,rand_446,0.4121
372,rand_482,0.2424
373,rand_511,0.433
374,rand_538,0.391
375,rand_564,0.2895
376,rand_588,0.2724
377,rand_1043,0.2821
378,rand_1088,0.4474
379,rand_1111,0.2979
380,rand_1157,0.3369
381,rand_1187,0.5072
382,rand_1214,0.3462
383,rand_123,0.2785
384,rand_1289,0.8099
385,rand_2064,0.5486
386,rand_2089,0.4558
387,rand_210,0.3756
388,rand_2135,0.5435
389,rand_2171,0.4136
390,rand_219,0.4613
391,rand_2270,0.3376
392,rand_2296,0.3425
393,rand_968,0.5942
394,rand_989,0.3933
395,rand_1022,0.3422
396,rand_105,0.2189
397,rand_1083,0.1448
398,rand_1105,0.7909
399,rand_1153,0.3595
400,rand_1193,0.4079
401,rand_1334,0.2654
402,rand_1355,0.2833
403,rand_1380,0.6695
404,rand_1427,0.6427
405,rand_1467,0.3988
406,rand_1495,0.6962
407,rand_1535,0.7395
408,rand_1570,0.235
409,rand_1595,0.4926
410,rand_1620,0.8265
411,rand_1995,0.2834
412,rand_2045,0.668
413,rand_207,0.1377
414,rand_2099,0.2535
415,rand_2122,0.614
416,rand_2180,0.4308
417,rand_2205,0.3446
418,rand_2242,0.4474
419,rand_1151,0.6772
420,rand_1228,0.6397
421,rand_1266,0.2958
422,rand_1283,0.4206
423,rand_1330,0.5002
424,rand_1362,0.2953
425,rand_137,0.3234
426,rand_1425,0.5339
427,rand_1450,0.7579
428,rand_1494,0.2059
429,rand_2381,0.4593
430,rand_2446,0.6691
431,rand_2473,0.4735
432,rand_26,0.0981
433,rand_295,0.3052
434,rand_315,0.2215
435,rand_1248,0.2031
436,rand_1267,0.5753
437,rand_1293,0.4304
438,rand_1308,0.1635
439,rand_1328,0.3127
440,rand_1347,0.4031
441,rand_1371,0.2489
442,rand_1413,0.3896
443,rand_1435,0.4328
444,rand_2081,0.2228
445,rand_2102,0.6078
446,rand_2123,0.1572
447,rand_2138,0.2988
448,rand_216,0.2781
449,rand_2188,0.3192
450,rand_2211,0.2137
451,rand_2280,0.8479
452,rand_2311,0.7705
453,rand_2412,0.3037
454,rand_243,0.1902
455,rand_2489,0.6583
456,rand_25,0.07757
457,rand_290,0.3767
458,rand_2198,0.3319
459,rand_2215,0.2873
460,rand_2239,0.279
461,rand_2310,0.444
462,rand_2335,0.3123
463,rand_2374,0.6552
464,rand_2409,0.4729
465,rand_1988,0.9483
466,rand_2131,0.1781
467,rand_214,0.3817
468,rand_2229,0.3965
469,rand_2253,0.3899
470,rand_2279,0.3672
471,rand_2305,0.6152
472,rand_531,0.522
473,rand_555,0.3267
474,rand_579,0.7622
475,rand_628,0.3195
476,rand_650,0.7312
477,rand_730,0.3349
478,rand_754,0.3582
479,rand_778,0.3289
480,rand_886,0.3969
481,rand_905,0.592
482,rand_938,0.5556
483,rand_980,0.2368
484,rand_1018,0.1596
485,rand_103,0.2234
486,rand_1107,0.6047
487,rand_1137,0.5748
488,rand_1194,0.3926
489,rand_294,0.243
490,rand_306,0.3518
491,rand_334,0.1624
492,rand_355,0.5568
493,rand_401,0.2625
494,rand_427,0.2577
495,rand_450,0.2092
496,rand_468,0.2624
497,rand_492,0.1694
498,rand_518,0.3808
499,rand_1526,0.2186
500,rand_1545,0.7352
501,rand_1578,0.6389
502,rand_1614,0.52
503,rand_166,0.2011
504,rand_1683,0.3063
505,rand_1701,0.6826
506,rand_1729,0.3153
507,rand_174,0.6108
508,rand_1786,0.8569
509,rand_2218,0.4532
510,rand_2267,0.5718
511,rand_2309,0.3613
512,rand_2332,0.5817
513,rand_236,0.5025
514,rand_2463,0.3318
515,rand_1747,0.5235
516,rand_1766,0.2905
517,rand_1781,0.2663
518,rand_1804,0.6035
519,rand_184,0.6184
520,rand_1907,0.926
521,rand_1939,0.467
522,rand_1967,0.3901
523,rand_1,0.05773
524,rand_1689,0.3552
525,rand_1710,0.5011
526,rand_1741,0.2938
527,rand_175,0.3512
528,rand_180,0.3962
529,rand_1848,0.8205
530,rand_1919,0.3221
531,rand_193,0.3061
532,rand_948,0.7503
533,rand_985,0.2032
534,rand_1011,0.3809
535,rand_102,0.3904
536,rand_1098,0.4096
537,rand_1143,0.2186
538,rand_115,0.1855
539,rand_1181,0.3951
540,rand_1200,0.3057
541,rand_1455,0.3436
542,rand_1474,0.4906
543,rand_1501,0.4847
544,rand_1559,0.3252
545,rand_1579,0.3651
546,rand_1603,0.4636
547,rand_1628,0.5385
548,rand_1654,0.4857
549,rand_1678,0.1914
550,rand_1691,0.4131
551,rand_328,0.3613
552,rand_352,0.329
553,rand_377,0.4132
554,rand_39,0.09665
555,rand_45,0.1635
556,rand_480,0.3243
557,rand_505,0.2311
558,rand_53,0.1798
559,rand_576,0.3372
560,rand_832,0.3419
561,rand_858,0.5642
562,rand_894,0.514
563,rand_931,0.2349
564,rand_952,0.4916
565,rand_974,0.248
566,rand_998,0.2217
567,rand_1034,0.1947
568,rand_1060,0.2881
569,rand_2128,0.414
570,rand_2153,0.7029
571,rand_2172,0.8016
572,rand_2266,0.3226
573,rand_228,0.2816
574,rand_2326,0.2063
575,rand_2344,0.5141
576,rand_2373,0.406
577,rand_2394,0.4722
578,rand_2422,0.334
579,rand_1503,0.5779
580,rand_1534,0.5337
581,rand_1568,0.7202
582,rand_1610,0.6091
583,rand_1642,0.1885
584,rand_1662,0.6072
585,rand_169,0.243
586,rand_1720,0.3915
587,rand_2353,0.7746
588,rand_2454,0.352
589,rand_2479,0.3672
590,rand_2501,0.6068
591,rand_278,0.4802
592,rand_300,0.1952
593,rand_320,0.2841
594,rand_349,0.1841
595,rand_370,0.3524
596,rand_1086,0.245
597,rand_112,0.1316
598,rand_1156,0.4219
599,rand_1183,0.4632
600,rand_1199,0.5569
601,rand_1229,0.2469
602,rand_1250,0.5596
603,rand_1270,0.2315
604,rand_1286,0.4395
605,rand_1231,0.578
606,rand_1255,0.428
607,rand_127,0.125
608,rand_1299,0.5089
609,rand_1333,0.4258
610,rand_1358,0.7382
611,rand_1382,0.4691
612,rand_1430,0.3763
613,rand_1457,0.3208
614,rand_1476,0.6058
615,rand_2359,0.3286
616,rand_2401,0.4836
617,rand_2458,0.5108
618,rand_2481,0.4833
619,rand_274,0.1926
620,rand_308,0.1913
621,rand_326,0.4758
622,rand_2083,0.4351
623,rand_2116,0.3468
624,rand_2144,0.354
625,rand_2165,0.749
626,rand_22,0.055920000000000004
627,rand_2320,0.4989
628,rand_2352,0.4873
629,rand_2372,0.393
630,rand_2329,0.2482
631,rand_234,0.1916
632,rand_2370,0.4468
633,rand_238,0.2254
634,rand_2418,0.3018
635,rand_2466,0.6092
636,rand_2491,0.4459
637,rand_261,0.2631
638,rand_291,0.4241
639,rand_1459,0.2209
640,rand_1480,0.346
641,rand_1515,0.4027
642,rand_1541,0.4197
643,rand_1566,0.5258
644,rand_1592,0.631
645,rand_1633,0.8184
646,rand_1725,0.2825
647,rand_1743,0.7292
648,rand_1800,0.4044
649,rand_1492,0.323
650,rand_1506,0.8183
651,rand_1586,0.6874
652,rand_1646,0.3347
653,rand_168,0.1339
654,rand_170,0.3575
655,rand_1733,0.7114
656,rand_1760,0.6065
657,rand_1795,0.3817
658,rand_2193,0.4901
659,rand_2232,0.2591
660,rand_2258,0.7839
661,rand_2313,0.8889
662,rand_2388,0.6868
663,rand_240,0.2618
664,rand_2442,0.3606
665,rand_2469,0.4274
666,rand_1166,0.3922
667,rand_1222,0.6137
668,rand_1306,0.2368
669,rand_1323,0.2811
670,rand_1341,0.3313
671,rand_1369,0.2821
672,rand_1409,0.4549
673,rand_1445,0.4117
674,rand_608,0.4205
675,rand_633,0.3169
676,rand_660,0.3136
677,rand_692,0.6584
678,rand_745,0.501
679,rand_775,0.283
680,rand_818,0.3628
681,rand_841,0.3786
682,rand_863,0.3851
683,rand_779,0.2391
684,rand_800,0.3866
685,rand_833,0.1974
686,rand_874,0.4196
687,rand_910,0.239
688,rand_926,0.6489
689,rand_961,0.4458
690,rand_987,0.6255
691,rand_1027,0.4115
692,rand_1740,0.5596
693,rand_1839,0.2922
694,rand_187,0.2993
695,rand_1929,0.4817
696,rand_1959,0.3962
697,rand_1982,0.2053
698,rand_2006,0.558
699,rand_1213,0.3614
700,rand_1238,0.5015
701,rand_1258,0.4532
702,rand_1277,0.3056
703,rand_1302,0.4169
704,rand_1325,0.3435
705,rand_1353,0.368
706,rand_1377,0.4047
707,rand_1399,0.3568
708,rand_1422,0.3295
709,rand_1221,0.4173
710,rand_1241,0.3169
711,rand_1261,0.4502
712,rand_128,0.1859
713,rand_130,0.1874
714,rand_1327,0.4591
715,rand_1357,0.68
716,rand_1391,0.2369
717,rand_1441,0.3085
718,rand_685,0.1218
719,rand_703,0.4057
720,rand_759,0.6798
721,rand_825,0.42
722,rand_850,0.2334
723,rand_878,0.4928
724,rand_950,0.3827
725,rand_97,0.1378
726,rand_99,0.1186
727,rand_2055,0.4236
728,rand_2085,0.4383
729,rand_2119,0.7706
730,rand_2185,0.292
731,rand_2208,0.3449
732,rand_2251,0.465
733,rand_2277,0.9688
734,rand_2382,0.2806
735,rand_2076,0.8136
736,rand_2164,0.4417
737,rand_218,0.3067
738,rand_2254,0.3352
739,rand_227,0.4702
740,rand_2303,0.7054
741,rand_1936,0.338
742,rand_1971,0.5776
743,rand_1998,0.628
744,rand_2052,0.3804
745,rand_2073,0.325
746,rand_2114,0.5481
747,rand_2146,0.3726
748,rand_2190,0.4427
749,rand_32,0.0517
750,rand_345,0.2695
751,rand_369,0.2955
752,rand_387,0.2268
753,rand_408,0.3216
754,rand_433,0.4394
755,rand_478,0.3306
756,rand_501,0.2474
757,rand_51,0.1011
758,rand_54,0.1073
759,rand_1198,0.3691
760,rand_1218,0.2672
761,rand_1243,0.4281
762,rand_1279,0.3656
763,rand_1301,0.495
764,rand_1337,0.5401
765,rand_1356,0.4643
766,rand_1383,0.3913
767,rand_1405,0.5963
768,rand_142,0.2886
769,rand_1514,0.2559
770,rand_1554,0.3134
771,rand_157,0.1339
772,rand_1600,0.5321
773,rand_1625,0.2315
774,rand_1645,0.292
775,rand_1674,0.3034
776,rand_1696,0.337
777,rand_1715,0.7691
778,rand_1069,0.2522
779,rand_1092,0.4323
780,rand_1121,0.4742
781,rand_1142,0.306
782,rand_1163,0.5803
783,rand_1186,0.543
784,rand_124,0.1745
785,rand_126,0.1979
786,rand_1298,0.4994
787,rand_131,0.2218
788,rand_444,0.3413
789,rand_463,0.4307
790,rand_50,0.12
791,rand_528,0.4291
792,rand_573,0.2022
793,rand_596,0.5182
794,rand_61,0.1206
795,rand_642,0.5048
796,rand_673,0.3992
797,rand_699,0.4335
798,rand_1732,0.7349
799,rand_1862,0.5428
800,rand_1886,0.201
801,rand_1911,0.3549
802,rand_192,0.3549
803,rand_1961,0.7016
804,rand_1999,0.3035
805,rand_201,0.3832
806,rand_2066,0.2103
807,rand_2094,0.4777
808,rand_649,0.5397
809,rand_678,0.7989
810,rand_710,0.2808
811,rand_736,0.1712
812,rand_782,0.5506
813,rand_807,0.4467
814,rand_839,0.3902
815,rand_864,0.6205
816,rand_90,0.1477
817,rand_1776,0.4474
818,rand_1807,0.8365
819,rand_1879,0.4508
820,rand_1904,0.361
821,rand_1928,0.3713
822,rand_1952,0.467
823,rand_1983,0.1848
824,rand_2009,0.4245
825,rand_2032,0.7601
826,rand_2063,0.3165
827,rand_2046,0.7813
828,rand_20,0.04054
829,rand_2157,0.2645
830,rand_2178,0.4211
831,rand_2200,0.5257
832,rand_2221,0.5536
833,rand_2246,0.378
834,rand_1192,0.3432
835,rand_1216,0.4843
836,rand_1232,0.625
837,rand_1282,0.4382
838,rand_1312,0.7619
839,rand_134,0.4546
840,rand_1402,0.5391
841,rand_1438,0.1965
842,rand_2275,0.6543
843,rand_2304,0.5642
844,rand_2348,0.4174
845,rand_2371,0.3933
846,rand_2403,0.4465
847,rand_242,0.281
848,rand_2456,0.7206
849,rand_250,0.5436
850,rand_299,0.3521
851,rand_817,0.2698
852,rand_843,0.569
853,rand_889,0.2646
854,rand_915,0.5995
855,rand_957,0.3692
856,rand_983,0.4753
857,rand_1021,0.233
858,rand_1047,0.4372
859,rand_1076,0.6065
860,rand_1112,0.2571
861,rand_1631,0.3254
862,rand_1653,0.2023
863,rand_1671,0.39
864,rand_1685,0.3255
865,rand_1706,0.2134
866,rand_1726,0.8631
867,rand_1784,0.6547
868,rand_1837,0.4909
869,rand_1863,0.3759
870,rand_643,0.2887
871,rand_669,0.5562
872,rand_6,0.046360000000000005
873,rand_711,0.222
874,rand_738,0.2866
875,rand_765,0.4547
876,rand_793,0.5333
877,rand_816,0.5555
878,rand_861,0.2564
879,rand_881,0.3394
880,rand_253,0.2836
881,rand_283,0.2959
882,rand_322,0.4033
883,rand_367,0.2411
884,rand_389,0.3071
885,rand_409,0.5408
886,rand_462,0.3036
887,rand_485,0.396
888,rand_541,0.1396
889,rand_2143,0.2232
890,rand_2160,0.6052
891,rand_2240,0.7208
892,rand_2287,0.8981
893,rand_245,0.1274
894,rand_2482,0.618
895,rand_255,0.6885
896,rand_2152,0.6052
897,rand_2196,0.6751
898,rand_2214,0.264
899,rand_2234,0.3405
900,rand_225,0.2983
901,rand_2314,0.2566
902,rand_2342,0.3774
903,rand_2395,0.1977
904,rand_2222,0.5506
905,rand_2293,0.2116
906,rand_2339,0.3767
907,rand_235,0.2499
908,rand_2434,0.7372
909,rand_1038,0.5907
910,rand_10,0.06502000000000001
911,rand_1128,0.6904
912,rand_1168,0.3566
913,rand_1191,0.4499
914,rand_1215,0.298
915,rand_1234,0.3799
916,rand_1269,0.454
917,rand_1287,0.3152
918,rand_1307,0.4008
919,rand_542,0.2212
920,rand_565,0.3327
921,rand_589,0.367
922,rand_626,0.5242
923,rand_658,0.417
924,rand_684,0.3018
925,rand_704,0.4216
926,rand_732,0.3893
927,rand_756,0.3836
928,rand_783,0.3623
929,rand_930,0.8166
930,rand_951,0.3229
931,rand_971,0.2923
932,rand_1023,0.421
933,rand_1041,0.1429
934,rand_1059,0.8503
935,rand_1089,0.298
936,rand_1110,0.3106
937,rand_1133,0.249
938,rand_292,0.2013
939,rand_30,0.06759
940,rand_330,0.3732
941,rand_362,0.5608
942,rand_40,0.09693
943,rand_443,0.2662
944,rand_459,0.5167
945,rand_506,0.5573
946,rand_562,0.1826
947,rand_331,0.4182
948,rand_364,0.3088
949,rand_375,0.1417
950,rand_395,0.2702
951,rand_420,0.397
952,rand_445,0.3433
953,rand_464,0.3428
954,rand_488,0.2138
955,rand_513,0.1846
956,rand_536,0.2596
957,rand_721,0.58
958,rand_755,0.2099
959,rand_776,0.3511
960,rand_799,0.59
961,rand_826,0.2857
962,rand_851,0.359
963,rand_877,0.4151
964,rand_899,0.253
965,rand_924,0.3063
966,rand_79,0.1182
967,rand_822,0.6178
968,rand_862,0.304
969,rand_892,0.3787
970,rand_920,0.5008
971,rand_946,0.3975
972,rand_967,0.3293
973,rand_1025,0.281
974,rand_1040,0.3479
975,rand_1705,0.4138
976,rand_1735,0.4279
977,rand_176,0.2128
978,rand_1792,0.238
979,rand_1813,0.7262
980,rand_1853,0.5955
981,rand_1875,0.4681
982,rand_1897,0.7912
983,rand_19,0.05483
984,rand_2012,0.3873
985,rand_554,0.7058
986,rand_610,0.2592
987,rand_639,0.849
988,rand_671,0.5882
989,rand_720,0.2868
990,rand_740,0.3262
991,rand_77,0.1161
992,rand_804,0.3162
993,rand_827,0.2181
994,rand_856,0.3818
995,rand_566,0.2286
996,rand_619,0.3639
997,rand_654,0.2674
998,rand_674,0.3278
999,rand_698,0.3061
1000,rand_729,0.5931
1001,rand_774,0.2222
1002,rand_796,0.4437
1003,rand_2407,0.4057
1004,rand_2435,0.5725
1005,rand_2462,0.3615
1006,rand_254,0.2771
1007,rand_275,0.2418
1008,rand_298,0.5883
1009,rand_405,0.2174
1010,rand_41,0.08032
1011,rand_1581,0.2674
1012,rand_1602,0.3586
1013,rand_1623,0.2409
1014,rand_1644,0.239
1015,rand_1668,0.5603
1016,rand_1708,0.4092
1017,rand_1730,0.4675
1018,rand_1750,0.1792
1019,rand_1768,0.687
1020,rand_1809,0.2417
1021,rand_132,0.2087
1022,rand_1348,0.2904
1023,rand_1373,0.6375
1024,rand_140,0.2486
1025,rand_1436,0.4739
1026,rand_1461,0.5495
1027,rand_1484,0.3517
1028,rand_1509,0.2447
1029,rand_1531,0.7367
1030,rand_1563,0.1854
1031,rand_516,0.2016
1032,rand_535,0.4952
1033,rand_561,0.3632
1034,rand_586,0.793
1035,rand_611,0.3346
1036,rand_636,0.3266
1037,rand_670,0.4574
1038,rand_731,0.5907
1039,rand_764,0.454
1040,rand_416,0.1475
1041,rand_436,0.4405
1042,rand_487,0.2621
1043,rand_524,0.4147
1044,rand_550,0.5207
1045,rand_590,0.3477
1046,rand_656,0.416
1047,rand_683,0.8627
1048,rand_712,0.4635
1049,rand_737,0.8621
1050,rand_1158,0.6566
1051,rand_1180,0.8735
1052,rand_1324,0.2567
1053,rand_1372,0.2401
1054,rand_1394,0.3933
1055,rand_1442,0.8369
1056,rand_1487,0.2845
1057,rand_2294,0.395
1058,rand_2323,0.3329
1059,rand_2345,0.8983
1060,rand_2417,0.2367
1061,rand_2439,0.2304
1062,rand_258,0.2453
1063,rand_282,0.119
1064,rand_301,0.2326
1065,rand_1827,0.5406
1066,rand_1845,0.4586
1067,rand_1876,0.6255
1068,rand_1922,0.5405
1069,rand_1949,0.335
1070,rand_2017,0.5785
1071,rand_1826,0.5454
1072,rand_1857,0.3946
1073,rand_1883,0.5095
1074,rand_2010,0.3454
1075,rand_2057,0.5964
1076,rand_802,0.347
1077,rand_824,0.6509
1078,rand_879,0.3583
1079,rand_902,0.7365
1080,rand_978,0.5842
1081,rand_1028,0.3632
1082,rand_1033,0.5396
1083,rand_109,0.2085
1084,rand_1129,0.2734
1085,rand_1149,0.1637
1086,rand_1884,0.2796
1087,rand_1905,0.2312
1088,rand_1927,0.6139
1089,rand_195,0.5027
1090,rand_2019,0.2109
1091,rand_2040,0.4546
1092,rand_2065,0.2731
1093,rand_2090,0.2591
1094,rand_941,0.7348
1095,rand_988,0.58
1096,rand_1009,0.2396
1097,rand_1052,0.2449
1098,rand_1067,0.2202
1099,rand_1091,0.3256
1100,rand_1114,0.7019
1101,rand_1139,0.4063
1102,rand_1164,0.642
1103,rand_1197,0.2556
1104,rand_15,0.06598
1105,rand_162,0.2707
1106,rand_1670,0.3296
1107,rand_1707,0.6702
1108,rand_173,0.3746
1109,rand_1799,0.4027
1110,rand_1832,0.3833
1111,rand_185,0.2512
1112,rand_1451,0.359
1113,rand_1478,0.4561
1114,rand_1508,0.388
1115,rand_152,0.2872
1116,rand_1556,0.4372
1117,rand_1580,0.4225
1118,rand_161,0.2522
1119,rand_1643,0.4838
1120,rand_1666,0.4328
1121,rand_1757,0.3019
1122,rand_177,0.2256
1123,rand_1802,0.7394
1124,rand_1868,0.4908
1125,rand_1891,0.428
1126,rand_1917,0.4921
1127,rand_1945,0.3182
1128,rand_1977,0.2827
1129,rand_1994,0.5418
1130,rand_1224,0.3173
1131,rand_1244,0.8333
1132,rand_1290,0.7645
1133,rand_1375,0.4153
1134,rand_1420,0.6978
1135,rand_1489,0.3445
1136,rand_1512,0.2039
1137,rand_1536,0.389
1138,rand_1558,0.4937
1139,rand_2420,0.922
1140,rand_2477,0.7114
1141,rand_262,0.496
1142,rand_286,0.4922
1143,rand_314,0.2458
1144,rand_33,0.07019
1145,rand_356,0.1768
1146,rand_379,0.1464
1147,rand_1819,0.8483
1148,rand_1932,0.5109
1149,rand_2011,0.6473
1150,rand_2053,0.6178
1151,rand_2082,0.2232
1152,rand_2124,0.7442
1153,rand_2235,0.3876
1154,rand_263,0.2384
1155,rand_288,0.3063
1156,rand_317,0.3166
1157,rand_344,0.5359
1158,rand_393,0.1868
1159,rand_418,0.2109
1160,rand_439,0.7331
1161,rand_484,0.3151
1162,rand_4,0.05143
1163,rand_932,0.8496
1164,rand_995,0.4824
1165,rand_100,0.14
1166,rand_104,0.3118
1167,rand_1074,0.3627
1168,rand_1097,0.3372
1169,rand_1122,0.264
1170,rand_1141,0.3027
1171,rand_1160,0.676
1172,rand_1211,0.4372
1173,rand_606,0.2915
1174,rand_634,0.3273
1175,rand_655,0.3833
1176,rand_67,0.1773
1177,rand_713,0.2601
1178,rand_735,0.5839
1179,rand_767,0.2988
1180,rand_78,0.189
1181,rand_81,0.208
1182,rand_847,0.3318
1183,rand_1466,0.2294
1184,rand_1486,0.3342
1185,rand_1511,0.8657
1186,rand_1589,0.4226
1187,rand_1612,0.2357
1188,rand_1635,0.4037
1189,rand_1659,0.2305
1190,rand_1697,0.6225
1191,rand_1721,0.2616
1192,rand_2145,0.4482
1193,rand_2206,0.5687
1194,rand_2228,0.6021
1195,rand_2281,0.7294
1196,rand_2349,0.5178
1197,rand_2404,0.5175
1198,rand_548,0.5073
1199,rand_575,0.7461
1200,rand_601,0.3507
1201,rand_625,0.2005
1202,rand_64,0.1156
1203,rand_667,0.4507
1204,rand_706,0.6005
1205,rand_744,0.3584
1206,rand_773,0.5197
1207,rand_181,0.1955
1208,rand_1841,0.2579
1209,rand_1881,0.4925
1210,rand_1908,0.522
1211,rand_1931,0.2871
1212,rand_1957,0.5083
1213,rand_2008,0.205
1214,rand_2030,0.5092
1215,rand_1262,0.6844
1216,rand_1291,0.5342
1217,rand_1317,0.2372
1218,rand_133,0.1918
1219,rand_1368,0.3285
1220,rand_1392,0.6863
1221,rand_1424,0.2346
1222,rand_144,0.3538
1223,rand_1479,0.3278
1224,rand_1504,0.1872
1225,rand_151,0.1404
1226,rand_1562,0.5614
1227,rand_160,0.1338
1228,rand_1632,0.5175
1229,rand_1667,0.3994
1230,rand_1699,0.4591
1231,rand_1719,0.2205
1232,rand_1737,0.5962
1233,rand_2047,0.4459
1234,rand_2112,0.3986
1235,rand_2139,0.3456
1236,rand_2155,0.3075
1237,rand_2197,0.8057
1238,rand_121,0.4202
1239,rand_1253,0.5193
1240,rand_1332,0.7215
1241,rand_1366,0.4188
1242,rand_1388,0.7381
1243,rand_1454,0.6069
1244,rand_1497,0.4154
1245,rand_1524,0.3076
1246,rand_1547,0.678
1247,rand_156,0.5736
1248,rand_2067,0.6038
1249,rand_2095,0.5898
1250,rand_2151,0.5416
1251,rand_2184,0.9058
1252,rand_2301,0.5109
1253,rand_2354,0.4161
1254,rand_2376,0.6769
1255,rand_2398,0.4694
1256,rand_2425,0.2554
1257,rand_2031,0.3736
1258,rand_2060,0.251
1259,rand_2086,0.4119
1260,rand_2104,0.3207
1261,rand_2130,0.4895
1262,rand_2244,0.5292
1263,rand_599,0.2458
1264,rand_664,0.5454
1265,rand_709,0.3211
1266,rand_739,0.2357
1267,rand_761,0.9091
1268,rand_80,0.1135
1269,rand_838,0.6289
1270,rand_867,0.3647
1271,rand_1746,0.4522
1272,rand_1767,0.2634
1273,rand_1785,0.2848
1274,rand_1808,0.4267
1275,rand_1849,0.2647
1276,rand_1869,0.3017
1277,rand_190,0.4397
1278,rand_1226,0.2166
1279,rand_1247,0.6303
1280,rand_1278,0.522
1281,rand_1296,0.3333
1282,rand_1319,0.6574
1283,rand_1401,0.8177
1284,rand_1446,0.4686
1285,rand_1483,0.6444
1286,rand_1517,0.4378
1287,rand_1820,0.1778
1288,rand_183,0.4101
1289,rand_1877,0.7042
1290,rand_191,0.3497
1291,rand_1972,0.2828
1292,rand_1992,0.4777
1293,rand_2025,0.4995
1294,rand_204,0.3464
1295,rand_1460,0.3465
1296,rand_1516,0.3012
1297,rand_1542,0.4604
1298,rand_1560,0.3391
1299,rand_1584,0.9076
1300,rand_1638,0.6063
1301,rand_1657,0.3535
1302,rand_1684,0.2855
1303,rand_16,0.08071
1304,rand_2440,0.8932
1305,rand_259,0.296
1306,rand_280,0.6309
1307,rand_313,0.4337
1308,rand_339,0.2055
1309,rand_361,0.2847
1310,rand_37,0.08123999999999999
1311,rand_397,0.6266
1312,rand_426,0.4131
1313,rand_1057,0.2885
1314,rand_1079,0.4916
1315,rand_1103,0.2691
1316,rand_1126,0.4204
1317,rand_1147,0.421
1318,rand_1176,0.6314
1319,rand_11,0.06615
1320,rand_1236,0.3715
1321,rand_1257,0.2501
1322,rand_1274,0.2286
1323,rand_2092,0.6905
1324,rand_2142,0.685
1325,rand_215,0.2899
1326,rand_2191,0.226
1327,rand_220,0.2097
1328,rand_2238,0.3677
1329,rand_2261,0.3341
1330,rand_2285,0.6564
1331,rand_2312,0.2431
1332,rand_2337,0.3989
1333,rand_520,0.6638
1334,rand_546,0.3031
1335,rand_570,0.3011
1336,rand_594,0.2656
1337,rand_62,0.1427
1338,rand_657,0.2234
1339,rand_748,0.3639
1340,rand_31,0.09199
1341,rand_343,0.3275
1342,rand_396,0.2356
1343,rand_424,0.2551
1344,rand_448,0.5245
1345,rand_486,0.2324
1346,rand_514,0.4472
1347,rand_540,0.3024
1348,rand_569,0.5128
1349,rand_1899,0.5148
1350,rand_1934,0.5331
1351,rand_1990,0.6175
1352,rand_2071,0.2983
1353,rand_2097,0.2861
1354,rand_211,0.1898
1355,rand_2133,0.3775
1356,rand_265,0.2324
1357,rand_284,0.3422
1358,rand_303,0.2104
1359,rand_327,0.2558
1360,rand_35,0.07987999999999999
1361,rand_380,0.3669
1362,rand_421,0.4913
1363,rand_473,0.2823
1364,rand_49,0.1146
1365,rand_526,0.1811
1366,rand_2431,0.5065
1367,rand_2455,0.3958
1368,rand_2484,0.5176
1369,rand_252,0.1322
1370,rand_271,0.2937
1371,rand_296,0.3386
1372,rand_360,0.2776
1373,rand_386,0.2157
1374,rand_1639,0.427
1375,rand_1655,0.3689
1376,rand_1675,0.2346
1377,rand_1693,0.4205
1378,rand_1714,0.3342
1379,rand_1734,0.2584
1380,rand_1755,0.2777
1381,rand_1775,0.4869
1382,rand_1797,0.2924
1383,rand_1822,0.2843
1384,rand_1594,0.5265
1385,rand_1617,0.8437
1386,rand_1656,0.2566
1387,rand_1692,0.6003
1388,rand_1769,0.4696
1389,rand_1791,0.3781
1390,rand_1812,0.7927
1391,rand_1914,0.3063
1392,rand_640,0.3003
1393,rand_663,0.557
1394,rand_691,0.279
1395,rand_714,0.5541
1396,rand_742,0.3349
1397,rand_768,0.6923
1398,rand_810,0.3236
1399,rand_834,0.7351
1400,rand_871,0.5429
1401,rand_903,0.7275
1402,rand_1831,0.5377
1403,rand_1878,0.5548
1404,rand_1900,0.1925
1405,rand_1947,0.443
1406,rand_2001,0.6693
1407,rand_1363,0.3806
1408,rand_1385,0.728
1409,rand_1419,0.6969
1410,rand_1490,0.589
1411,rand_1530,0.3687
1412,rand_1553,0.3353
1413,rand_1574,0.6279
1414,rand_159,0.5002
1415,rand_1634,0.4004
1416,rand_1658,0.2845
1417,rand_724,0.3704
1418,rand_749,0.3455
1419,rand_771,0.28
1420,rand_792,0.4412
1421,rand_814,0.2417
1422,rand_83,0.4126
1423,rand_895,0.2451
1424,rand_918,0.8698
1425,rand_94,0.2324
1426,rand_1008,0.1839
1427,rand_1058,0.6826
1428,rand_1081,0.3549
1429,rand_1119,0.6972
1430,rand_1188,0.3023
1431,rand_1205,0.5404
1432,rand_122,0.2206
1433,rand_1265,0.7261
1434,rand_1315,0.4475
1435,rand_359,0.3674
1436,rand_384,0.5048
1437,rand_412,0.2377
1438,rand_434,0.2687
1439,rand_47,0.1335
1440,rand_503,0.2785
1441,rand_529,0.4021
1442,rand_553,0.3243
1443,rand_582,0.2024
1444,rand_1175,0.7017
1445,rand_119,0.1441
1446,rand_1220,0.2614
1447,rand_1240,0.3877
1448,rand_1260,0.6958
1449,rand_1326,0.2985
1450,rand_1343,0.8173
1451,rand_1397,0.4796
1452,rand_1417,0.518
1453,rand_1449,0.4736
1454,rand_1029,0.7425
1455,rand_1073,0.403
1456,rand_1102,0.6212
1457,rand_114,0.2318
1458,rand_1179,0.3288
1459,rand_1196,0.5946
1460,rand_1227,0.6994
1461,rand_1259,0.6112
1462,rand_1276,0.3385
1463,rand_2087,0.369
1464,rand_2137,0.6491
1465,rand_2173,0.3195
1466,rand_2199,0.752
1467,rand_221,0.349
1468,rand_229,0.2938
1469,rand_2325,0.6529
1470,rand_1647,0.3633
1471,rand_167,0.4244
1472,rand_1751,0.5118
1473,rand_1824,0.3602
1474,rand_1843,0.5245
1475,rand_1890,0.4239
1476,rand_1925,0.8005
1477,rand_1679,0.3713
1478,rand_1700,0.8248
1479,rand_1771,0.6285
1480,rand_1796,0.3275
1481,rand_1821,0.3898
1482,rand_1842,0.2721
1483,rand_1860,0.4206
1484,rand_1880,0.4602
1485,rand_1903,0.3934
1486,rand_88,0.1193
1487,rand_912,0.3616
1488,rand_934,0.7296
1489,rand_973,0.7413
1490,rand_1020,0.3153
1491,rand_1031,0.3428
1492,rand_1080,0.7477
1493,rand_1125,0.8468
1494,rand_1150,0.3946
1495,rand_1172,0.4526
1496,rand_453,0.2715
1497,rand_481,0.2551
1498,rand_509,0.6935
1499,rand_55,0.1944
1500,rand_593,0.3218
1501,rand_613,0.2968
1502,rand_63,0.131
1503,rand_66,0.08807000000000001
1504,rand_693,0.2713
1505,rand_717,0.3511
1506,rand_1840,0.5823
1507,rand_1870,0.5826
1508,rand_1893,0.5663
1509,rand_1935,0.4879
1510,rand_1969,0.5251
1511,rand_1997,0.4403
1512,rand_2026,0.3651
1513,rand_2050,0.3584
1514,rand_897,0.2091
1515,rand_921,0.3177
1516,rand_943,0.447
1517,rand_963,0.5958
1518,rand_1013,0.4349
1519,rand_1045,0.7187
1520,rand_1087,0.6621
1521,rand_1165,0.5055
1522,rand_1204,0.3076
1523,rand_1225,0.2505
1524,rand_2324,0.4782
1525,rand_2350,0.6267
1526,rand_2449,0.4727
1527,rand_2475,0.4903
1528,rand_2495,0.3621
1529,rand_264,0.2673
1530,rand_281,0.2981
1531,rand_304,0.4372
1532,rand_2179,0.3248
1533,rand_2219,0.7283
1534,rand_2268,0.7714
1535,rand_2333,0.4696
1536,rand_2389,0.5633
1537,rand_2421,0.4902
1538,rand_2041,0.3408
1539,rand_206,0.5011
1540,rand_2110,0.51
1541,rand_2158,0.539
1542,rand_217,0.514
1543,rand_2297,0.8877
1544,rand_1550,0.4861
1545,rand_1593,0.6661
1546,rand_1629,0.1723
1547,rand_164,0.1904
1548,rand_1672,0.4784
1549,rand_1694,0.3658
1550,rand_1712,0.6629
1551,rand_1749,0.3595
1552,rand_1770,0.2987
1553,rand_1789,0.4748
1554,rand_603,0.6869
1555,rand_629,0.2061
1556,rand_651,0.3583
1557,rand_686,0.2655
1558,rand_708,0.6898
1559,rand_787,0.2849
1560,rand_812,0.4242
1561,rand_845,0.6106
1562,rand_868,0.3752
1563,rand_890,0.6753
1564,rand_136,0.4853
1565,rand_1414,0.3541
1566,rand_1444,0.1714
1567,rand_1469,0.2398
1568,rand_148,0.1499
1569,rand_1507,0.4082
1570,rand_1540,0.2983
1571,rand_1557,0.6042
1572,rand_1582,0.3874
1573,rand_1613,0.3513
1574,rand_571,0.6416
1575,rand_609,0.2916
1576,rand_637,0.6707
1577,rand_676,0.3471
1578,rand_697,0.2101
1579,rand_723,0.6126
1580,rand_760,0.1698
1581,rand_784,0.4954
1582,rand_819,0.3867
1583,rand_844,0.3707
1584,rand_1783,0.7399
1585,rand_1816,0.5456
1586,rand_1892,0.5555
1587,rand_1956,0.5021
1588,rand_202,0.2742
1589,rand_2061,0.5892
1590,rand_208,0.3989
1591,rand_1207,0.5461
1592,rand_1235,0.5563
1593,rand_1264,0.4874
1594,rand_1285,0.7351
1595,rand_1311,0.589
1596,rand_1336,0.5606
1597,rand_1407,0.3062
1598,rand_1433,0.7451
1599,rand_247,0.4496
1600,rand_272,0.3038
1601,rand_2,0.05045
1602,rand_323,0.4306
1603,rand_376,0.2251
1604,rand_398,0.2239
1605,rand_1960,0.6968
1606,rand_2013,0.496
1607,rand_203,0.2722
1608,rand_2069,0.4884
1609,rand_2098,0.4287
1610,rand_2126,0.8758
1611,rand_2161,0.4289
1612,rand_2182,0.4373
1613,rand_107,0.2042
1614,rand_1116,0.4096
1615,rand_1138,0.2804
1616,rand_1162,0.3641
1617,rand_1184,0.5024
1618,rand_1219,0.3543
1619,rand_1249,0.2266
1620,rand_1268,0.2072
1621,rand_1284,0.875
1622,rand_1350,0.5767
1623,rand_410,0.3022
1624,rand_435,0.3172
1625,rand_456,0.1848
1626,rand_495,0.1846
1627,rand_519,0.3088
1628,rand_543,0.278
1629,rand_56,0.1075
1630,rand_595,0.1832
1631,rand_615,0.3624
1632,rand_2432,0.8027
1633,rand_2470,0.8708
1634,rand_325,0.268
1635,rand_350,0.2416
1636,rand_382,0.584
1637,rand_442,0.2603
1638,rand_46,0.1047
1639,rand_496,0.3879
1640,rand_521,0.3529
1641,rand_129,0.2877
1642,rand_1338,0.8396
1643,rand_1374,0.4018
1644,rand_1396,0.2948
1645,rand_1416,0.2373
1646,rand_143,0.1975
1647,rand_1473,0.543
1648,rand_149,0.1932
1649,rand_1537,0.7242
1650,rand_1989,0.3304
1651,rand_2014,0.3248
1652,rand_2037,0.5571
1653,rand_2062,0.6239
1654,rand_2088,0.3822
1655,rand_2111,0.4372
1656,rand_212,0.26
1657,rand_2148,0.4257
1658,rand_2170,0.4448
1659,rand_93,0.2155
1660,rand_975,0.4472
1661,rand_1007,0.3066
1662,rand_1050,0.2574
1663,rand_1084,0.491
1664,rand_1131,0.2566
1665,rand_1159,0.3188
1666,rand_117,0.1757
1667,rand_1408,0.359
1668,rand_1434,0.1511
1669,rand_1453,0.2296
1670,rand_147,0.1959
1671,rand_1499,0.4654
1672,rand_1521,0.3965
1673,rand_1544,0.516
1674,rand_1572,0.5349
1675,rand_1598,0.3117
1676,rand_1619,0.4155
1677,rand_145,0.3406
1678,rand_1496,0.2243
1679,rand_1522,0.2633
1680,rand_1564,0.6333
1681,rand_1615,0.4051
1682,rand_163,0.3893
1683,rand_1664,0.6082
1684,rand_1717,0.4478
1685,rand_1744,0.2192
1686,rand_251,0.404
1687,rand_29,0.061320000000000006
1688,rand_319,0.6499
1689,rand_365,0.1859
1690,rand_390,0.2005
1691,rand_414,0.3288
1692,rand_432,0.3374
1693,rand_460,0.507
1694,rand_497,0.3491
1695,rand_530,0.4139
1696,rand_1649,0.4367
1697,rand_1676,0.204
1698,rand_1695,0.3735
1699,rand_1713,0.5754
1700,rand_1765,0.5199
1701,rand_1810,0.6161
1702,rand_1830,0.3185
1703,rand_1851,0.3775
1704,rand_1874,0.5826
1705,rand_1648,0.6632
1706,rand_1673,0.6092
1707,rand_171,0.6169
1708,rand_1790,0.2646
1709,rand_1817,0.4671
1710,rand_1864,0.5216
1711,rand_188,0.22
1712,rand_2132,0.391
1713,rand_2168,0.4327
1714,rand_2189,0.7006
1715,rand_2249,0.6028
1716,rand_2299,0.8094
1717,rand_226,0.2316
1718,rand_241,0.2612
1719,rand_2447,0.5795
1720,rand_246,0.301
1721,rand_1778,0.2682
1722,rand_1825,0.3335
1723,rand_1846,0.6279
1724,rand_1889,0.4566
1725,rand_1940,0.5516
1726,rand_2004,0.4437
1727,rand_2028,0.6604
1728,rand_150,0.3274
1729,rand_154,0.2618
1730,rand_1576,0.5392
1731,rand_1609,0.2554
1732,rand_1636,0.5505
1733,rand_1682,0.4141
1734,rand_1702,0.5733
1735,rand_1724,0.3745
1736,rand_1745,0.2155
1737,rand_1761,0.1746
1738,rand_870,0.6069
1739,rand_908,0.6444
1740,rand_937,0.3046
1741,rand_958,0.5073
1742,rand_981,0.5929
1743,rand_101,0.1214
1744,rand_1055,0.5264
1745,rand_1101,0.5137
1746,rand_1145,0.3634
1747,rand_1527,0.5066
1748,rand_1549,0.6702
1749,rand_1577,0.3634
1750,rand_1599,0.5121
1751,rand_1627,0.4605
1752,rand_1650,0.4495
1753,rand_1698,0.4715
1754,rand_1718,0.2461
1755,rand_1739,0.1876
1756,rand_1950,0.4553
1757,rand_1980,0.6684
1758,rand_200,0.762
1759,rand_2078,0.3255
1760,rand_209,0.2908
1761,rand_2118,0.3526
1762,rand_2141,0.4208
1763,rand_2174,0.3768
1764,rand_21,0.1062
1765,rand_222,0.5416
1766,rand_1351,0.532
1767,rand_1406,0.2059
1768,rand_1429,0.4544
1769,rand_1463,0.6215
1770,rand_1493,0.4991
1771,rand_1518,0.6966
1772,rand_1621,0.3951
1773,rand_1661,0.3238
1774,rand_1687,0.5055
1775,rand_1716,0.1967
1776,rand_1432,0.3815
1777,rand_1456,0.1902
1778,rand_1477,0.2719
1779,rand_1500,0.274
1780,rand_1520,0.299
1781,rand_1573,0.3311
1782,rand_1616,0.6806
1783,rand_1704,0.4227
1784,rand_351,0.199
1785,rand_372,0.4249
1786,rand_411,0.2437
1787,rand_438,0.3535
1788,rand_458,0.3999
1789,rand_483,0.3467
1790,rand_510,0.6905
1791,rand_572,0.7861
1792,rand_645,0.8784
1793,rand_681,0.8342
1794,rand_347,0.2343
1795,rand_368,0.6014
1796,rand_43,0.09817999999999999
1797,rand_477,0.1242
1798,rand_499,0.2489
1799,rand_549,0.3668
1800,rand_577,0.318
1801,rand_600,0.181
1802,rand_620,0.3842
1803,rand_803,0.623
1804,rand_875,0.2987
1805,rand_900,0.2883
1806,rand_925,0.6247
1807,rand_962,0.2932
1808,rand_98,0.2096
1809,rand_1010,0.248
1810,rand_1044,0.4698
1811,rand_1065,0.155
1812,rand_12,0.0579
1813,rand_1322,0.1755
1814,rand_1340,0.3777
1815,rand_1379,0.3038
1816,rand_13,0.055479999999999995
1817,rand_141,0.3367
1818,rand_1443,0.5954
1819,rand_1462,0.4692
1820,rand_419,0.1896
1821,rand_440,0.2302
1822,rand_461,0.3358
1823,rand_489,0.2409
1824,rand_517,0.4782
1825,rand_537,0.4394
1826,rand_563,0.2863
1827,rand_58,0.2191
1828,rand_632,0.8012
1829,rand_672,0.3288
1830,rand_2436,0.8122
1831,rand_2478,0.6475
1832,rand_2507,0.05773
1833,rand_277,0.598
1834,rand_324,0.3813
1835,rand_34,0.0843
1836,rand_388,0.3174
1837,rand_400,0.5045
1838,rand_449,0.2007
1839,rand_465,0.5624
1840,rand_257,0.3355
1841,rand_305,0.3066
1842,rand_333,0.6415
1843,rand_417,0.6902
1844,rand_508,0.1865
1845,rand_532,0.3641
1846,rand_552,0.2641
1847,rand_578,0.5571
1848,rand_786,0.2956
1849,rand_809,0.2961
1850,rand_836,0.1471
1851,rand_857,0.5465
1852,rand_911,0.7683
1853,rand_972,0.3589
1854,rand_994,0.2647
1855,rand_1026,0.3194
1856,rand_1051,0.4347
1857,rand_1071,0.2072
1858,rand_1748,0.3294
1859,rand_1762,0.4624
1860,rand_1787,0.3532
1861,rand_1833,0.486
1862,rand_186,0.5251
1863,rand_18,0.050660000000000004
1864,rand_1916,0.319
1865,rand_1941,0.231
1866,rand_2377,0.4232
1867,rand_2397,0.6767
1868,rand_2424,0.366
1869,rand_2474,0.4516
1870,rand_268,0.3101
1871,rand_28,0.06945
1872,rand_309,0.229
1873,rand_337,0.3382
1874,rand_1190,0.2593
1875,rand_120,0.2116
1876,rand_1237,0.5721
1877,rand_125,0.1368
1878,rand_1281,0.2307
1879,rand_1321,0.3045
1880,rand_1342,0.1315
1881,rand_1364,0.5395
1882,rand_1384,0.2987
1883,rand_559,0.3133
1884,rand_583,0.3966
1885,rand_607,0.2072
1886,rand_635,0.4356
1887,rand_652,0.3171
1888,rand_677,0.3374
1889,rand_69,0.1428
1890,rand_72,0.117
1891,rand_751,0.1897
1892,rand_2471,0.5587
1893,rand_267,0.2598
1894,rand_289,0.2558
1895,rand_310,0.2176
1896,rand_332,0.2015
1897,rand_346,0.1849
1898,rand_36,0.09817000000000001
1899,rand_394,0.3358
1900,rand_1136,0.3814
1901,rand_1169,0.4165
1902,rand_118,0.19
1903,rand_1210,0.4695
1904,rand_1239,0.263
1905,rand_1256,0.2066
1906,rand_1272,0.336
1907,rand_1295,0.3719
1908,rand_1314,0.3042
1909,rand_1335,0.4432
1910,rand_1738,0.2158
1911,rand_1754,0.29
1912,rand_1773,0.4674
1913,rand_1794,0.2655
1914,rand_1814,0.3281
1915,rand_1836,0.3102
1916,rand_1855,0.5099
1917,rand_1902,0.7259
1918,rand_1953,0.3564
1919,rand_1979,0.3054
1920,rand_213,0.6981
1921,rand_2233,0.4001
1922,rand_2265,0.2642
1923,rand_2290,0.5425
1924,rand_233,0.2132
1925,rand_2364,0.4531
1926,rand_2385,0.509
1927,rand_1177,0.2202
1928,rand_1195,0.4346
1929,rand_1223,0.28
1930,rand_1252,0.3292
1931,rand_1275,0.3048
1932,rand_1294,0.5302
1933,rand_1320,0.4661
1934,rand_1344,0.4539
1935,rand_1386,0.1686
1936,rand_1410,0.3177
1937,rand_1439,0.5038
1938,rand_1465,0.2695
1939,rand_1482,0.2976
1940,rand_1505,0.549
1941,rand_1533,0.2262
1942,rand_1551,0.5224
1943,rand_158,0.1739
1944,rand_880,0.2981
1945,rand_89,0.2531
1946,rand_929,0.532
1947,rand_959,0.4991
1948,rand_993,0.5862
1949,rand_1005,0.1969
1950,rand_1042,0.5996
1951,rand_1072,0.4245
1952,rand_1118,0.5047
1953,rand_725,0.2368
1954,rand_746,0.5632
1955,rand_76,0.288
1956,rand_7,0.04654
1957,rand_820,0.5269
1958,rand_85,0.1202
1959,rand_883,0.2025
1960,rand_906,0.498
1961,rand_935,0.2371
1962,rand_956,0.3834
1963,rand_806,0.2937
1964,rand_82,0.1552
1965,rand_869,0.6049
1966,rand_91,0.1068
1967,rand_939,0.4995
1968,rand_966,0.3135
1969,rand_996,0.5075
1970,rand_512,0.5905
1971,rand_567,0.1961
1972,rand_587,0.2033
1973,rand_617,0.2642
1974,rand_641,0.2866
1975,rand_662,0.2429
1976,rand_689,0.289
1977,rand_715,0.374
1978,rand_73,0.1133
1979,rand_437,0.4331
1980,rand_455,0.6847
1981,rand_491,0.2734
1982,rand_525,0.7224
1983,rand_556,0.4593
1984,rand_598,0.5794
1985,rand_630,0.7198
1986,rand_722,0.2613
1987,rand_747,0.3678
1988,rand_772,0.3319
1989,rand_5,0.04326
1990,rand_618,0.4845
1991,rand_646,0.367
1992,rand_665,0.2124
1993,rand_690,0.2741
1994,rand_719,0.8056
1995,rand_766,0.3876
1996,rand_795,0.6829
1997,rand_828,0.2566
1998,rand_853,0.5218
1999,rand_224,0.1706
2000,rand_2271,0.2699
2001,rand_2295,0.336
2002,rand_2321,0.487
2003,rand_2347,0.4925
2004,rand_2419,0.2712
2005,rand_648,0.2292
2006,rand_666,0.3968
2007,rand_695,0.2629
2008,rand_71,0.104
2009,rand_741,0.3329
2010,rand_763,0.2861
2011,rand_789,0.1231
2012,rand_811,0.5235
2013,rand_837,0.5963
2014,rand_882,0.3886
2015,rand_2317,0.4311
2016,rand_2367,0.7767
2017,rand_2415,0.9083
2018,rand_2467,0.5851
2019,rand_2493,0.8426
2020,rand_285,0.3627
2021,rand_307,0.4316
2022,rand_2074,0.5376
2023,rand_2121,0.3953
2024,rand_2147,0.2568
2025,rand_2192,0.6433
2026,rand_2252,0.5971
2027,rand_2282,0.4798
2028,rand_232,0.3342
2029,rand_146,0.2499
2030,rand_1498,0.4626
2031,rand_1528,0.246
2032,rand_1571,0.613
2033,rand_1605,0.2403
2034,rand_1624,0.7185
2035,rand_165,0.251
2036,rand_1722,0.5497
2037,rand_887,0.239
2038,rand_913,0.5045
2039,rand_942,0.3993
2040,rand_964,0.373
2041,rand_992,0.397
2042,rand_1016,0.2399
2043,rand_1035,0.3527
2044,rand_106,0.1626
2045,rand_1094,0.5647
2046,rand_1130,0.3712
2047,rand_354,0.3112
2048,rand_381,0.1984
2049,rand_402,0.3039
2050,rand_430,0.3452
2051,rand_452,0.4004
2052,rand_479,0.2453
2053,rand_504,0.2444
2054,rand_52,0.1159
2055,rand_551,0.4185
2056,rand_57,0.1767
2057,rand_558,0.2645
2058,rand_580,0.2127
2059,rand_604,0.3404
2060,rand_623,0.2445
2061,rand_647,0.3698
2062,rand_668,0.3672
2063,rand_694,0.2228
2064,rand_716,0.4947
2065,rand_757,0.1792
2066,rand_781,0.1567
2067,rand_1464,0.1697
2068,rand_1485,0.2989
2069,rand_1510,0.2601
2070,rand_1529,0.3782
2071,rand_1561,0.3765
2072,rand_1590,0.2539
2073,rand_1608,0.6367
2074,rand_1640,0.7663
2075,rand_1663,0.3178
2076,rand_1686,0.4994
2077,rand_1448,0.3621
2078,rand_1470,0.6662
2079,rand_1519,0.4291
2080,rand_1569,0.3956
2081,rand_1597,0.4304
2082,rand_1665,0.6367
2083,rand_1731,0.4707
2084,rand_1753,0.4798
2085,rand_2262,0.3797
2086,rand_230,0.2461
2087,rand_2334,0.4613
2088,rand_2357,0.467
2089,rand_237,0.1476
2090,rand_239,0.6267
2091,rand_2433,0.8205
2092,rand_273,0.3618
2093,rand_2058,0.4841
2094,rand_2093,0.6222
2095,rand_2162,0.4895
2096,rand_2237,0.6255
2097,rand_1818,0.3424
2098,rand_1838,0.7418
2099,rand_189,0.2731
2100,rand_1918,0.7839
2101,rand_1942,0.4909
2102,rand_196,0.3903
2103,rand_199,0.2547
2104,rand_2023,0.5439
2105,rand_2077,0.4901
2106,rand_406,0.1499
2107,rand_425,0.2935
2108,rand_451,0.312
2109,rand_469,0.1853
2110,rand_490,0.3383
2111,rand_515,0.2134
2112,rand_534,0.5727
2113,rand_585,0.3555
2114,rand_60,0.1736
2115,rand_70,0.2622
2116,rand_733,0.3825
2117,rand_75,0.2019
2118,rand_808,0.2796
2119,rand_830,0.1558
2120,rand_855,0.2747
2121,rand_87,0.09373
2122,rand_8,0.04796
2123,rand_919,0.3224
2124,rand_358,0.339
2125,rand_378,0.2334
2126,rand_399,0.3812
2127,rand_42,0.1385
2128,rand_467,0.3221
2129,rand_500,0.7114
2130,rand_568,0.3374
2131,rand_592,0.187
2132,rand_614,0.2387
2133,rand_86,0.1855
2134,rand_917,0.2507
2135,rand_936,0.3628
2136,rand_954,0.3347
2137,rand_977,0.8809
2138,rand_1015,0.5477
2139,rand_1062,0.2185
2140,rand_1082,0.3153
2141,rand_1106,0.4736
2142,rand_2263,0.5712
2143,rand_2291,0.4282
2144,rand_2336,0.3867
2145,rand_2356,0.5506
2146,rand_23,0.06044
2147,rand_2459,0.2057
2148,rand_2483,0.4635
2149,rand_1075,0.6844
2150,rand_1104,0.2355
2151,rand_1124,0.6668
2152,rand_1201,0.7388
2153,rand_1297,0.2812
2154,rand_1316,0.5192
2155,rand_1370,0.687
2156,rand_1387,0.5098
2157,rand_1426,0.6004
2158,rand_244,0.2156
2159,rand_293,0.228
2160,rand_311,0.6275
2161,rand_342,0.6831
2162,rand_385,0.2757
2163,rand_407,0.1489
2164,rand_428,0.4274
2165,rand_979,0.5303
2166,rand_1030,0.3329
2167,rand_1066,0.7709
2168,rand_1115,0.2599
2169,rand_1155,0.5242
2170,rand_1174,0.3962
2171,rand_1208,0.4327
2172,rand_1242,0.2353
